Symbol,Company Name,Country,3mo %Chg,12mo %Chg,Market Cap,Enterprise Value (EV),EV/Revenue,EV/Profit,EV/EBITDA,Revenue,δₜRevenue,δₜ²Revenue,Gross Margin
NET,Cloudflare Inc,US,67.14%,269.06%,$19.96B,$20.01B,200.70x,264.88x,-1737.90x,$99.72M,10.28%,0.01%,75.77%
OCFT,OneConnect Financial Technology Co Ltd,CN,-11.62%,,$22.29B,$24.19B,31.24x,81.37x,-60.58x,$774.32M,10.36%,3.68%,38.39%
PRO,Pros Holdings Inc,US,6.51%,-28.99%,$1.86B,$1.58B,25.68x,42.84x,-126.24x,$61.51M,-1.05%,-0.99%,59.95%
NSYS,Nortech Systems Inc,US,7.04%,7.56%,$11.72M,$27.39M,1.03x,11.22x,44.67x,$26.46M,-0.77%,-0.12%,9.22%
GDS,GDS Holdings Ltd,CN,4.55%,87.37%,$105.09B,$117.79B,87.76x,326.19x,11444.53x,$1.34B,8.04%,-0.56%,26.90%
CTSH,Cognizant Technology Solutions Corp,US,16.24%,25.62%,$42.76B,$40.95B,9.65x,25.66x,55.26x,$4.24B,-0.03%,0.83%,37.61%
FLIR,FLIR Systems Inc,US,13.85%,-22.11%,$5.4B,$5.81B,12.46x,25.39x,52.81x,$466.41M,-0.26%,-0.26%,49.08%
CALX,Calix Inc,US,15.51%,203.22%,$1.37B,$1.31B,9.24x,17.91x,52.47x,$142.29M,5.59%,1.22%,51.59%
WORK,Slack Technologies Inc,US,-2.15%,31.47%,$16.69B,$16.15B,74.83x,86.16x,-286.21x,$215.86M,10.46%,-0.12%,86.85%
MXL,Maxlinear Inc,US,18.89%,48.08%,$2.22B,$2.32B,35.51x,70.73x,-367.99x,$65.22M,-5.71%,1.77%,50.20%
GDDY,GoDaddy Inc,US,-8.18%,10.82%,$12.74B,$14.35B,17.80x,27.76x,-22.31x,$806.4M,2.27%,-0.50%,64.11%
MRVL,Marvell Technology Group Ltd,BM,25.92%,69.18%,$29.93B,$30.54B,42.00x,85.02x,-1638.67x,$727.3M,2.59%,1.43%,49.40%
ADSK,Autodesk Inc,US,4.34%,53.35%,$57.54B,$57.74B,63.23x,69.38x,408.34x,$913.1M,3.46%,-1.29%,91.14%
INS,Intelligent Systems Corp,US,2.77%,-10.62%,$348.59M,$316.27M,39.27x,72.56x,101.56x,$8.05M,1.75%,-1.42%,54.13%
IIIV,i3 Verticals Inc,US,-3.66%,2.41%,$410.85M,$535.83M,16.97x,24.84x,316.87x,$31.57M,-24.56%,-6.86%,68.32%
MTC,MMTEC Inc,CN,18.81%,-37.17%,$24.09M,$20.45M,879.51x,-14299.75x,-22.85x,$23.25K,,,-6.15%
FORM,FormFactor Inc,US,50.84%,78.52%,$3.25B,$3.1B,19.61x,46.78x,91.21x,$157.82M,3.41%,-1.60%,41.92%
TRT,Trio-Tech International,US,3.37%,6.98%,$13.56M,$12.58M,1.75x,9.51x,16.15x,$7.18M,-9.34%,-8.37%,18.43%
EMKR,EMCORE Corp,US,22.94%,32.70%,$122.45M,$99.44M,3.65x,10.79x,-346.50x,$27.27M,12.18%,9.84%,33.81%
GLW,Corning Inc,US,14.40%,27.75%,$28.46B,$34B,11.33x,33.97x,55.02x,$3B,0.57%,3.96%,33.36%
IT,Gartner Inc,US,17.62%,-3.41%,$13.89B,$15.51B,15.93x,23.83x,108.29x,$973.14M,-2.36%,-3.59%,66.85%
WATT,Energous Corp,US,-46.27%,-2.34%,$84.94M,$865.29M,7565.06x,31603.04x,-106.82x,$114.38K,24.57%,26.51%,23.94%
MODN,Model N Inc,US,-20.17%,4.74%,$1.1B,$1.02B,24.75x,40.55x,-360.37x,$41.26M,4.41%,0.93%,61.04%
INVE,Identiv Inc,US,41.02%,34.45%,$129.53M,$140.75M,7.37x,18.25x,-60.56x,$19.1M,-3.72%,-1.88%,40.37%
JG,Aurora Mobile Ltd,CN,118.56%,-10.98%,$281.91M,$215.19M,1.65x,4.01x,-5.17x,$130.79M,-18.14%,-4.16%,41.03%
GRPN,Groupon Inc,US,-1.22%,980.27%,$897.25M,$536.51M,1.36x,3.91x,-13.29x,$395.65M,-7.16%,3.16%,34.68%
CSGS,CSG Systems International Inc,US,2.23%,-20.53%,$1.43B,$1.64B,6.84x,16.08x,61.62x,$240.32M,-0.57%,-0.65%,42.51%
SABR,Sabre Corp,US,61.64%,-47.34%,$3.1B,$6.48B,78.05x,-31.21x,-15.62x,$83.04M,-46.32%,-35.34%,-250.08%
ITI,Iteris Inc,US,6.37%,-3.28%,$207.95M,$197.78M,7.06x,18.20x,18.01x,$28M,1.28%,-3.03%,38.81%
UEPS,Net 1 UEPS Technologies Inc,ZA,10.53%,-2.72%,$200.13M,$-2.72M,-0.10x,-0.76x,0.07x,$25.98M,-15.71%,-15.66%,13.77%
DBD,Diebold Nixdorf Inc,US,19.27%,30.76%,$757.68M,$2.93B,225.12x,3.86x,-11.61x,$13M,-66.87%,-60.67%,5830.77%
STMP,Stamps.Com Inc,US,-33.76%,100.87%,$3.38B,$3.14B,15.17x,19.73x,46.96x,$206.73M,10.48%,7.77%,76.90%
PCYG,Park City Group Inc,US,-8.00%,4.07%,$90.28M,$76.62M,13.29x,22.58x,112.18x,$5.77M,5.50%,7.41%,58.83%
LDOS,Leidos Holdings Inc,US,13.29%,15.20%,$14.77B,$19.18B,6.58x,50.09x,86.81x,$2.91B,1.66%,-1.24%,13.14%
SWKS,Skyworks Solutions Inc,US,-2.70%,39.91%,$23.37B,$22.58B,30.64x,67.58x,96.24x,$736.8M,-1.00%,0.40%,45.34%
TDC,Teradata Corp,US,-11.87%,-18.12%,$2.35B,$2.47B,5.41x,9.65x,52.56x,$457M,-1.12%,0.75%,56.02%
FIT,Fitbit Inc,US,11.16%,1.34%,$1.92B,$1.58B,6.04x,16.95x,-21.08x,$261.27M,-4.46%,4.33%,35.61%
STX,Seagate Technology PLC,IE,28.03%,1.79%,$15.05B,$17.55B,7.58x,29.44x,50.13x,$2.31B,-2.66%,-4.17%,25.76%
FSLY,Fastly Inc,US,-9.41%,273.22%,$8.11B,$7.89B,105.64x,175.40x,-840.50x,$74.66M,12.77%,4.36%,60.23%
KOSS,Koss Corp,US,0.47%,47.26%,$15.92M,$12.43M,3.15x,9.13x,54.91x,$3.95M,-9.11%,-8.74%,34.47%
KTCC,Key Tronic Corp,US,-8.37%,32.62%,$80.54M,$150.84M,1.30x,17.53x,95.47x,$116.02M,2.38%,1.58%,7.42%
GPRO,GoPro Inc,US,43.71%,68.08%,$1B,$1.11B,8.23x,26.28x,-27.27x,$134.25M,-17.69%,-1.44%,31.32%
ALYA,Alithya Group Inc,CA,20.90%,8.48%,$141.13M,$194.86M,2.76x,9.55x,-165.13x,$70.71M,-0.53%,-0.71%,28.85%
AMOT,Allied Motion Technologies Inc,US,0.00%,-3.62%,$409.67M,$519.1M,5.99x,19.62x,58.25x,$86.66M,-1.65%,-1.25%,30.53%
ITRI,Itron Inc,US,39.97%,4.33%,$3.38B,$4.17B,8.19x,30.13x,-171.21x,$509.59M,-5.35%,-4.69%,27.18%
NVEC,NVE Corp,US,0.90%,-16.41%,$259.78M,$256.69M,58.59x,74.63x,107.18x,$4.38M,-9.40%,-1.80%,78.51%
QCOM,Qualcomm Inc,US,25.76%,76.08%,$166.21B,$176.02B,35.97x,62.57x,128.20x,$4.89B,-0.21%,-1.37%,57.49%
AMD,Advanced Micro Devices Inc,US,-1.10%,113.80%,$104.38B,$103.53B,36.96x,84.17x,1101.38x,$2.8B,11.67%,5.69%,43.91%
TACT,TransAct Technologies Inc,US,75.29%,-19.91%,$67.96M,$67.06M,12.69x,29.28x,-26.38x,$5.28M,-17.39%,-14.45%,43.33%
ATOM,Atomera Inc,US,-22.10%,184.77%,$154.58M,$136.7M,2204.81x,2789.76x,-36.30x,$62K,-2.99%,0.34%,79.03%
BCOV,Brightcove Inc,US,17.45%,47.37%,$518.63M,$498.89M,10.16x,16.10x,146.56x,$49.08M,0.86%,0.68%,63.13%
WTRH,Waitr Holdings Inc,US,-18.49%,849.47%,$378.25M,$429.45M,7.10x,7.10x,28.19x,$60.51M,4.19%,6.22%,100.00%
FLEX,Flex Ltd,SG,58.88%,41.20%,$8.53B,$10.18B,1.98x,32.50x,44.70x,$5.15B,-4.42%,-1.68%,6.08%
ANY,Sphere 3D Corp,CA,-21.88%,85.19%,$7.21M,$8.33M,9.35x,18.84x,-5.11x,$891K,-1.92%,15.09%,49.61%
SPRT,Support.com Inc,US,-11.42%,92.46%,$37.54M,$16.31M,1.48x,4.22x,18.28x,$11.03M,-9.84%,-0.02%,35.00%
NXPI,NXP Semiconductors NV,NL,24.26%,34.93%,$44.29B,$50.08B,22.09x,45.95x,80.65x,$2.27B,0.02%,4.87%,48.08%
VNET,21Vianet Group Inc,CN,0.77%,234.09%,$16.22B,$20B,17.48x,73.44x,-6.41x,$1.14B,6.54%,0.78%,23.80%
SONM,Sonim Technologies Inc,US,-32.36%,-74.77%,$19.56M,$-18.03M,-0.86x,-3.67x,2.79x,$21.06M,-16.71%,0.07%,23.35%
OSS,One Stop Systems Inc,US,8.55%,13.90%,$41.88M,$43.06M,3.70x,12.95x,435.36x,$11.63M,-5.99%,-13.35%,28.60%
AVCT,American Virtual Cloud Technologies Inc,US,-15.33%,,$91.11M,$139.11M,7.04x,21.56x,-26.62x,$19.77M,,,32.64%
IDN,Intellicheck Inc,US,68.55%,55.36%,$175.57M,$162.08M,87.98x,99.30x,-230.17x,$1.84M,4.28%,-20.65%,88.60%
CREX,Creative Realities Inc,US,-30.00%,-41.32%,$9.64M,$18.8M,5.14x,10.35x,-10.36x,$3.66M,-20.85%,0.10%,49.70%
WTT,Wireless Telecom Group Inc,US,22.58%,12.59%,$32.99M,$39.81M,3.58x,7.02x,76.27x,$11.11M,-4.77%,3.00%,51.03%
ELSE,Electro-Sensors Inc,US,8.02%,,$13.72M,$11.48M,5.49x,10.45x,104.34x,$2.09M,-1.91%,-0.84%,52.49%
LORL,Loral Space & Communications Inc,US,7.46%,-6.71%,$763.64M,$682.01M,4.55x,4.55x,9.46x,$149.76M,-3.54%,-2.16%,100.00%
APPF,AppFolio Inc,US,-17.46%,27.28%,$5.14B,$5.18B,63.92x,96.58x,436.46x,$81.04M,6.24%,0.08%,66.18%
RBCN,Rubicon Technology Inc,US,4.81%,4.31%,$21.96M,$11.07M,8.58x,31.55x,5.79x,$1.29M,13.81%,7.84%,27.21%
KLIC,Kulicke and Soffa Industries Inc,SG,22.89%,26.19%,$1.94B,$1.65B,10.97x,23.78x,95.13x,$150.45M,4.30%,-2.49%,46.14%
RAMP,Liveramp Holdings Inc,US,3.19%,9.24%,$3.63B,$2.98B,29.94x,45.83x,-170.24x,$99.44M,4.78%,-3.01%,65.34%
DAVA,Endava PLC,GB,10.40%,34.96%,$3.49B,$3.45B,38.10x,127.44x,519.43x,$90.46M,4.24%,-1.76%,29.90%
POWI,Power Integrations Inc,US,21.68%,50.89%,$4.17B,$3.94B,32.52x,66.12x,189.88x,$121.13M,1.49%,0.54%,49.18%
AKAM,Akamai Technologies Inc,US,-8.77%,16.85%,$16.89B,$18.19B,22.89x,35.13x,58.05x,$794.72M,3.04%,1.05%,65.17%
WDC,Western Digital Corp,US,33.64%,-5.93%,$13.66B,$20.19B,4.71x,18.64x,41.54x,$4.29B,4.22%,0.97%,25.26%
JKHY,Jack Henry & Associates Inc,US,-6.06%,5.17%,$12.08B,$11.86B,28.89x,76.19x,98.27x,$410.54M,1.06%,-2.01%,37.93%
GSUM,Gridsum Holding Inc,CN,73.47%,-25.11%,$57.62M,$466.7M,3.38x,3.90x,-2.79x,$138.02M,-24.79%,-17.77%,86.78%
CYRN,Cyren Ltd,IL,,,$59.44M,$62.78M,6.84x,11.62x,-18.84x,$9.18M,-1.39%,-1.38%,58.85%
WISA,Summit Wireless Technologies Inc,US,,,$10.98M,$-258.28K,-0.74x,-21.52x,0.13x,$348K,-0.29%,2.75%,3.45%
RP,RealPage Inc,US,4.61%,19.20%,$6.58B,$7.2B,25.20x,44.88x,206.71x,$285.61M,4.03%,-0.21%,56.15%
BKI,Black Knight Inc,US,10.04%,47.30%,$13.66B,$14.63B,49.92x,49.92x,143.58x,$293.1M,-15.61%,-16.28%,100.00%
CCMP,Cabot Microelectronics Corp,US,-1.58%,15.71%,$4.55B,$5.27B,19.18x,43.29x,59.22x,$274.73M,0.26%,-1.47%,44.32%
GTYH,Gty Technology Holdings Inc,US,30.82%,-19.24%,$204.3M,$214.1M,19.18x,31.62x,-59.94x,$11.16M,7.87%,-1.22%,60.64%
SAIC,Science Applications International Corp,US,16.06%,15.64%,$5.54B,$8.09B,4.59x,40.45x,53.93x,$1.76B,2.57%,0.44%,11.34%
MANH,Manhattan Associates Inc,US,-2.57%,12.79%,$6.09B,$5.97B,44.02x,82.24x,208.84x,$135.63M,-3.18%,-4.09%,53.53%
RSSS,Research Solutions Inc,US,-10.24%,,$58.84M,$49.61M,6.29x,19.78x,15748.85x,$7.89M,1.35%,-0.85%,31.81%
ORCL,Oracle Corp,US,0.14%,3.16%,$178.87B,$222.36B,23.74x,29.70x,82.91x,$9.37B,0.40%,2.01%,79.93%
CTXS,Citrix Systems Inc,US,-15.39%,8.01%,$15.12B,$15.12B,19.71x,23.64x,83.56x,$767.17M,1.15%,-0.49%,83.41%
AUDC,AudioCodes Ltd,IL,-14.33%,22.78%,$895.49M,$734.08M,13.72x,20.56x,95.45x,$53.52M,1.97%,-0.83%,66.70%
DELL,Dell Technologies Inc,US,13.20%,27.73%,$53.52B,$96.25B,4.23x,13.45x,71.35x,$22.73B,-0.69%,-0.68%,31.48%
AVNW,Aviat Networks Inc,US,70.51%,143.38%,$193.87M,$161.25M,2.57x,7.38x,48.16x,$62.65M,-0.62%,-3.86%,34.89%
NTNX,Nutanix Inc,US,30.36%,-1.88%,$5.65B,$5.82B,17.75x,22.30x,-35.25x,$327.87M,2.26%,-0.31%,79.57%
PRKR,ParkerVision Inc,US,,,,,,,,$0,-100.00%,-86.94%,0.00%
ALTR,Altair Engineering Inc,US,19.54%,59.23%,$3.72B,$3.65B,37.07x,49.72x,3578.21x,$98.56M,-1.98%,-2.68%,74.55%
RDCM,Radcom Ltd,IL,,,$125.37M,$117.14M,12.79x,16.70x,-13015.13x,$9.16M,1.75%,-6.59%,76.60%
NPTN,NeoPhotonics Corp,US,19.01%,-0.73%,$420.52M,$362.3M,3.51x,10.81x,27.75x,$103.17M,6.01%,0.76%,32.47%
NUAN,Nuance Communications Inc,US,38.35%,130.76%,$11.98B,$13.27B,39.21x,68.31x,3277.56x,$338.4M,-2.69%,-26.37%,57.39%
KN,Knowles Corp,US,12.27%,-21.75%,$1.58B,$1.65B,8.01x,21.99x,78.53x,$206M,-3.33%,3.87%,36.41%
ICHR,Ichor Holdings Ltd,US,22.24%,4.51%,$737.91M,$885.11M,3.99x,30.25x,58.13x,$221.56M,12.32%,-0.08%,13.21%
SWCH,Switch Inc,US,-10.50%,-2.88%,$3.74B,$4.61B,36.31x,78.49x,92.77x,$126.92M,3.27%,-1.22%,46.27%
TLND,Talend SA,FR,1.25%,2.11%,$1.22B,$1.19B,17.52x,22.59x,-59.25x,$67.74M,2.83%,-1.43%,77.55%
INSG,Inseego Corp,US,-15.38%,65.88%,$886.72M,$1.02B,12.65x,46.41x,-14.00x,$80.69M,9.61%,5.60%,27.27%
PTC,PTC Inc,US,15.74%,39.20%,$12.08B,$12.82B,36.46x,47.06x,151.48x,$351.72M,4.45%,-1.03%,77.48%
BRQS,Borqs Technologies Inc,CN,-1.67%,,$47.35M,$47.54M,1.75x,4.57x,-10.80x,$27.19M,-17.35%,-47.49%,38.27%
IPGP,IPG Photonics Corp,US,30.73%,41.27%,$10.96B,$10.25B,34.60x,75.16x,137.69x,$296.41M,-4.99%,0.70%,46.03%
TTD,Trade Desk Inc,US,75.47%,228.58%,$41.07B,$40.78B,292.67x,419.50x,-4231.20x,$139.36M,-3.38%,-10.73%,69.77%
FFIV,F5 Networks Inc,US,23.19%,13.22%,$10.12B,$9.8B,16.81x,20.54x,86.00x,$583.25M,0.87%,-0.85%,81.82%
MDB,MongoDB Inc,US,15.63%,80.15%,$15.45B,$15.98B,115.55x,166.48x,-349.32x,$138.28M,8.61%,-1.27%,69.41%
BSQR,Bsquare Corp,US,4.35%,19.01%,$18.88M,$8.47M,0.95x,8.10x,-9.32x,$8.92M,-10.93%,-13.53%,11.72%
COUP,Coupa Software Inc,US,-4.30%,106.38%,$21.47B,$22.02B,174.86x,284.17x,-1493.16x,$125.92M,7.26%,-2.77%,61.53%
ST,Sensata Technologies Holding PLC,GB,23.85%,-1.50%,$8.09B,$10.44B,13.25x,40.47x,67.04x,$788.31M,-1.86%,8.27%,32.74%
ZS,Zscaler Inc,US,0.85%,180.19%,$18.59B,$19.31B,153.40x,204.29x,-417.39x,$125.89M,9.96%,1.25%,75.09%
JCOM,j2 Global Inc,US,19.90%,-10.53%,$4.21B,$5.05B,15.27x,18.43x,61.64x,$330.98M,-14.60%,-17.21%,82.84%
RPD,Rapid7 Inc,US,12.22%,29.46%,$3.67B,$3.76B,38.04x,53.88x,-386.35x,$98.91M,5.79%,-0.76%,70.60%
AMKR,Amkor Technology Inc,US,10.28%,15.04%,$3.47B,$4.22B,3.12x,17.51x,16.42x,$1.35B,5.72%,-1.27%,17.81%
DYSL,Dynasil Corporation of America,US,,,$16.24M,$22M,1.99x,5.62x,0.15x,$11.05M,0.82%,-0.46%,35.45%
CIH,China Index Holdings Ltd,CN,2.87%,-51.62%,$162.78M,$-76.6M,-0.51x,-0.60x,-1.02x,$150.22M,2.90%,0.16%,84.42%
CSPI,CSP Inc,US,-15.90%,-33.12%,$33.19M,$19.34M,1.43x,4.58x,420.43x,$13.53M,-11.00%,6.84%,31.21%
SATS,EchoStar Corp,US,-15.38%,-40.39%,$2.46B,$2.9B,6.31x,10.14x,17.30x,$459.47M,-15.82%,-16.43%,62.23%
CSOD,Cornerstone OnDemand Inc,US,25.63%,-29.10%,$2.78B,$3.87B,21.01x,30.65x,465.89x,$184.36M,6.77%,5.03%,68.54%
NOVT,Novanta Inc,US,9.36%,33.13%,$4.22B,$4.35B,30.09x,74.18x,227.38x,$144.73M,-1.72%,-1.45%,40.56%
NTAP,NetApp Inc,US,31.15%,-8.87%,$12.29B,$11.44B,8.78x,13.12x,66.88x,$1.3B,1.33%,4.47%,66.92%
MKSI,MKS Instruments Inc,US,13.54%,30.27%,$7.62B,$8.03B,14.74x,32.58x,64.88x,$544.3M,3.51%,-0.17%,45.25%
ASUR,Asure Software Inc,US,22.17%,-3.34%,$127.81M,$132.11M,9.36x,16.30x,179.74x,$14.12M,-13.18%,-11.34%,57.44%
XSPA,XpresSpa Group Inc,US,-38.43%,-99.08%,$64.14M,$32.61M,228.01x,-39.05x,-0.58x,$143K,-67.56%,-56.69%,-583.92%
EIGI,Endurance International Group Holdings Inc,US,48.90%,161.13%,$1.34B,$2.86B,10.43x,17.76x,37.18x,$273.99M,-0.38%,0.38%,58.74%
INOD,Innodata Inc,US,124.44%,223.20%,$98.61M,$92.1M,6.64x,22.03x,390.26x,$13.86M,0.41%,-1.08%,30.16%
NLST,Netlist Inc,US,11.56%,72.11%,$103.98M,$127.93M,11.73x,70.06x,-80.56x,$10.91M,18.60%,-11.51%,16.74%
INTT,inTest Corp,US,6.50%,-11.50%,$52.12M,$44.69M,3.37x,7.37x,45.79x,$13.28M,-1.93%,9.27%,45.70%
DZSI,DASAN Zhone Solutions Inc,US,16.88%,78.11%,$280.31M,$299.17M,4.24x,12.59x,189.95x,$70.53M,-4.18%,6.35%,33.70%
NTIP,Network-1 Technologies Inc,US,32.89%,47.64%,$72.56M,$51.58M,937.89x,1473.83x,-199.94x,$55K,-44.95%,-16.75%,63.64%
NLOK,NortonLifeLock Inc,US,-24.74%,28.80%,$11.19B,$13.72B,22.34x,25.98x,89.08x,$614M,-1.41%,-1.29%,85.99%
MITK,Mitek Systems Inc,US,-12.37%,54.61%,$484.1M,$465.17M,18.30x,21.22x,130.23x,$25.41M,3.78%,-0.01%,86.24%
CTEK,CynergisTek Inc,US,10.69%,-52.77%,$15.22M,$13.62M,2.99x,11.25x,-5.14x,$4.56M,-2.57%,0.41%,26.57%
RIOT,Riot Blockchain Inc,US,99.71%,404.44%,$235.14M,$218.78M,112.66x,434.95x,-22.45x,$1.94M,-5.81%,-19.46%,25.90%
CYBR,Cyberark Software Ltd,IL,-2.72%,-10.36%,$4.24B,$4.18B,39.27x,48.57x,-1232.59x,$106.5M,1.54%,-1.18%,80.85%
BOX,Box Inc,US,-8.76%,6.86%,$2.72B,$2.65B,13.79x,19.36x,271.79x,$192.29M,2.75%,-0.27%,71.22%
ONTO,Onto Innovation Inc,US,38.23%,32.32%,$2.19B,$2.06B,15.23x,28.72x,82.41x,$134.95M,18.86%,-1.31%,53.05%
TESS,TESSCO Technologies Inc,US,-1.27%,-47.66%,$53.43M,$78.78M,0.66x,4.18x,-20.19x,$119.81M,-2.16%,0.87%,15.71%
AMRH,Ameri Holdings Inc,US,-3.57%,-41.96%,$4.75M,$9.04M,1.10x,4.97x,-7.64x,$8.25M,-6.96%,-4.32%,22.02%
CGNX,Cognex Corp,US,7.84%,46.66%,$12.7B,$12.43B,49.51x,64.96x,121.93x,$251.07M,8.18%,12.17%,76.21%
EXFO,EXFO Inc,CA,-22.93%,-33.26%,$160.97M,$175.69M,2.49x,4.62x,93.11x,$70.57M,0.07%,2.59%,53.84%
IMXI,International Money Express Inc,US,-6.04%,23.34%,$615.23M,$604.39M,7.11x,infx,45.44x,$85.06M,0.71%,-2.39%,0.00%
STNE,StoneCo Ltd,BR,46.91%,74.84%,$20.26B,$22.5B,33.71x,48.00x,138.96x,$667.35M,3.29%,-4.25%,70.22%
NATI,National Instruments Corp,US,4.42%,-9.63%,$4.95B,$4.56B,15.14x,21.18x,132.18x,$301.33M,-2.56%,-2.42%,71.49%
SVMK,SVMK Inc,US,-17.03%,18.78%,$2.85B,$2.89B,31.79x,41.34x,-342.38x,$90.94M,4.89%,-1.60%,76.90%
PECK,Peck Company Holdings Inc,US,106.94%,223.98%,$37.93M,$47.07M,16.99x,10973.19x,-46.21x,$2.77M,-27.68%,-28.57%,0.15%
OPRA,Opera Ltd,NO,0.68%,-11.30%,$2.13B,$2.03B,33.00x,46.03x,55.01x,$61.54M,-0.07%,-29.12%,71.70%
BRKS,Brooks Automation Inc,US,33.86%,56.68%,$5.15B,$4.94B,22.44x,53.28x,136.16x,$220.35M,1.96%,-0.68%,42.11%
GNSS,Genasys Inc,US,27.03%,88.54%,$225.57M,$205.2M,17.14x,31.71x,94.03x,$11.97M,7.80%,12.87%,54.06%
OSPN,OneSpan Inc,US,-14.63%,6.14%,$768.54M,$684.55M,12.46x,18.64x,318.10x,$54.95M,-0.57%,-4.94%,66.84%
FSLR,First Solar Inc,US,15.63%,64.50%,$9.57B,$8.55B,9.22x,29.19x,32.08x,$927.56M,14.12%,11.75%,31.59%
DOX,Amdocs Ltd,US,11.22%,-1.65%,$8.87B,$8.42B,8.20x,24.43x,44.46x,$1.03B,0.04%,-0.65%,33.57%
CDW,CDW Corp,US,22.17%,-0.52%,$19.74B,$22.68B,5.20x,30.36x,68.55x,$4.37B,-1.46%,-4.08%,17.12%
CAN,Canaan Inc,CN,179.38%,-34.62%,$12.74B,$12.78B,71.73x,295.23x,-831.92x,$178.13M,-7.33%,-16.99%,24.30%
MU,Micron Technology Inc,US,42.24%,34.57%,$72.33B,$71.35B,11.78x,34.50x,26.88x,$6.06B,5.60%,2.37%,34.15%
AMAT,Applied Materials Inc,US,30.10%,43.82%,$76.48B,$77.58B,17.65x,39.68x,64.92x,$4.4B,5.39%,2.56%,44.48%
HPQ,HP Inc,US,18.66%,10.97%,$30.95B,$32.53B,2.28x,13.59x,35.36x,$14.29B,-0.53%,2.38%,16.74%
INTC,Intel Corp,US,-5.13%,-18.67%,$198.99B,$232.2B,12.67x,23.84x,28.38x,$18.33B,-1.14%,-5.70%,53.13%
CRM,Salesforce.Com Inc,US,-4.22%,61.30%,$240.49B,$239.12B,46.42x,62.27x,57.42x,$5.15B,6.55%,-0.27%,74.55%
XRX,Xerox Holdings Corp,US,25.33%,-36.57%,$5.08B,$6.78B,4.63x,12.03x,63.99x,$1.46B,-10.30%,-6.13%,38.50%
PCTY,Paylocity Holding Corp,US,36.80%,65.08%,$10.84B,$10.69B,81.83x,126.15x,661.69x,$130.59M,2.06%,-3.25%,64.87%
TEL,TE Connectivity Ltd,CH,22.06%,27.61%,$38.59B,$42.2B,16.56x,59.69x,126.72x,$2.55B,-6.88%,-5.25%,27.75%
GWRE,Guidewire Software Inc,US,7.26%,-1.36%,$9.95B,$9.91B,40.66x,63.57x,170.33x,$243.67M,4.05%,3.25%,63.96%
COHR,Coherent Inc,US,8.84%,-20.55%,$2.97B,$3.01B,10.09x,31.45x,-4292.01x,$298.33M,-3.16%,2.68%,32.07%
LITE,Lumentum Holdings Inc,US,-3.66%,17.32%,$6.24B,$7.06B,19.18x,52.03x,91.46x,$368.1M,-2.34%,-0.55%,36.86%
OBLG,Oblong Inc,US,51.08%,249.00%,$18.29M,$22.12M,7.85x,19.52x,-8.27x,$2.82M,3.66%,-16.06%,40.23%
SHOP,Shopify Inc,CA,-10.84%,206.32%,$119.22B,$117.34B,164.26x,312.87x,4134.07x,$714.34M,18.52%,8.48%,52.50%
COMM,CommScope Holding Company Inc,US,15.32%,-15.61%,$2.33B,$11.48B,5.46x,17.50x,1320.07x,$2.1B,-4.86%,-21.47%,31.20%
LUNA,Luna Innovations Inc,US,33.12%,13.66%,$270.12M,$243.66M,13.12x,25.60x,97.62x,$18.58M,1.05%,-2.63%,51.23%
OSIS,OSI Systems Inc,US,17.35%,-10.76%,$1.62B,$1.81B,7.09x,18.89x,67.74x,$254.91M,-3.24%,-0.59%,37.56%
SGH,Smart Global Holdings Inc,US,,,$761.49M,$806.25M,2.71x,14.31x,42.36x,$297.03M,1.63%,-2.89%,18.97%
AVGO,Broadcom Inc,US,15.47%,27.37%,$165.52B,$200.72B,34.48x,60.26x,108.67x,$5.82B,1.36%,0.35%,57.22%
NCR,NCR Corp,US,38.42%,-14.66%,$3.64B,$6.53B,4.11x,15.28x,30.93x,$1.59B,-2.84%,0.64%,26.87%
PSTG,Pure Storage Inc,US,31.30%,16.17%,$5.23B,$5.37B,13.30x,19.54x,-116.06x,$403.72M,-4.82%,-1.04%,68.05%
NTCT,Netscout Systems Inc,US,0.25%,-4.51%,$1.71B,$1.76B,9.58x,13.46x,897.55x,$183.82M,-0.30%,0.31%,71.18%
KLAC,KLA Corp,US,17.88%,50.99%,$38.85B,$42.05B,27.33x,45.80x,74.58x,$1.54B,2.14%,-1.63%,59.67%
PAYC,Paycom Software Inc,US,35.37%,49.86%,$23.32B,$23.24B,127.99x,152.87x,583.75x,$181.59M,1.77%,-3.16%,83.72%
UIS,Unisys Corp,US,20.53%,25.87%,$913.64M,$288.04M,infx,infx,6.26x,$0,-100.00%,-93.69%,0.00%
CRWD,Crowdstrike Holdings Inc,US,27.62%,167.64%,$32.39B,$31.32B,157.41x,216.63x,-1559.47x,$198.97M,16.48%,-0.21%,72.66%
BB,BlackBerry Ltd,CA,12.20%,4.01%,$3.19B,$2.96B,11.42x,14.87x,164.37x,$259M,1.50%,5.94%,76.83%
RUN,Sunrun Inc,US,32.60%,382.47%,$7.98B,$10.49B,57.85x,307.32x,-868.31x,$181.29M,-2.98%,-5.00%,18.82%
LOGM,LogMeIn Inc,US,1.22%,,$4.23B,$4.18B,11.93x,16.26x,41.24x,$350.73M,2.88%,1.71%,73.34%
VIAV,Viavi Solutions Inc,US,,,$3.2B,$3.28B,12.31x,21.23x,46.76x,$266.6M,-2.06%,-1.20%,57.99%
CDNS,Cadence Design Systems Inc,US,-1.71%,62.45%,$30.3B,$29.69B,47.11x,52.50x,143.30x,$630.33M,2.12%,-0.29%,89.72%
CIEN,Ciena Corp,US,-22.73%,17.90%,$6.88B,$6.53B,6.69x,14.06x,29.71x,$976.71M,0.42%,-0.41%,47.58%
HIMX,Himax Technologies Inc,TW,51.69%,165.45%,$1.01B,$1.14B,6.08x,28.98x,156.45x,$186.98M,2.51%,-0.59%,21.00%
INTU,Intuit Inc,US,0.84%,35.07%,$91.13B,$88.06B,48.49x,58.94x,164.60x,$1.82B,16.26%,18.39%,82.27%
MCHP,Microchip Technology Inc,US,24.09%,44.23%,$34.43B,$43.38B,33.12x,54.34x,90.11x,$1.31B,-0.24%,-0.18%,60.95%
MSTR,MicroStrategy Inc,US,69.27%,62.06%,$2.42B,$2.47B,8.22x,23.39x,-147.51x,$300.88M,25.92%,27.47%,35.12%
PFPT,Proofpoint Inc,US,-12.35%,-17.36%,$5.61B,$4.66B,17.48x,23.57x,-842.25x,$266.67M,4.06%,-0.71%,74.15%
YEXT,Yext Inc,US,3.34%,5.39%,$2.2B,$1.98B,22.46x,29.94x,-92.11x,$88.06M,5.03%,-0.55%,75.03%
VRNT,Verint Systems Inc,US,24.03%,17.98%,$3.78B,$4.03B,13.03x,19.09x,76.51x,$309.11M,-1.19%,1.10%,68.26%
FIS,Fidelity National Information Services Inc,US,0.70%,9.64%,$92.03B,$107.25B,33.55x,98.13x,92.38x,$3.2B,3.17%,-5.66%,34.19%
PRGS,Progress Software Corp,US,3.58%,-2.20%,$1.81B,$1.87B,17.04x,19.68x,37.60x,$109.7M,0.69%,0.59%,86.57%
EEFT,Euronet Worldwide Inc,US,31.33%,-13.15%,$7.12B,$7.85B,14.87x,44.14x,-115.85x,$527.8M,-6.54%,-6.82%,33.69%
MOBL,MobileIron Inc,US,6.86%,44.09%,$813.03M,$734.71M,14.69x,19.40x,-48.96x,$50M,-1.07%,-4.82%,75.76%
VCRA,Vocera Communications Inc,US,19.90%,53.86%,$1.08B,$1.18B,24.82x,39.24x,4451.06x,$47.35M,1.42%,-2.18%,63.24%
TTMI,TTM Technologies Inc,US,11.97%,-1.93%,$1.42B,$2.21B,3.87x,21.96x,8.94x,$570.3M,-5.56%,-4.14%,17.61%
AMBA,Ambarella Inc,US,49.32%,31.85%,$2.64B,$2.42B,48.24x,78.09x,-217.89x,$50.11M,-2.92%,-6.65%,61.78%
WEI,Weidai Ltd,CN,41.46%,-68.36%,$122.58M,$-822.95M,-infx,-infx,-infx,$0,-100.00%,-133.48%,0.00%
ADI,Analog Devices Inc,US,13.59%,20.41%,$50.92B,$55.43B,38.06x,56.99x,89.34x,$1.46B,-0.41%,18.65%,66.79%
INFN,Infinera Corp,US,12.05%,28.37%,$1.55B,$1.89B,5.70x,18.95x,-43.44x,$331.59M,2.86%,-0.21%,30.08%
SREV,ServiceSource International Inc,US,-10.26%,-9.09%,$133.61M,$133.3M,2.91x,10.60x,-84.80x,$45.79M,-3.77%,-1.43%,27.47%
BELFA,Bel Fuse Inc,US,30.35%,,$183.12M,$243.07M,2.01x,7.65x,27.45x,$121.17M,-1.25%,3.32%,26.22%
AAOI,Applied Optoelectronics Inc,US,-32.91%,-23.13%,$164.99M,$259.05M,3.97x,18.86x,-65.35x,$65.22M,10.71%,17.11%,21.06%
AZPN,Aspen Technology Inc,US,3.98%,7.87%,$9.06B,$9.2B,46.18x,49.98x,71.46x,$199.33M,0.45%,3.26%,92.40%
CTG,Computer Task Group Inc,US,35.62%,10.53%,$92.98M,$70.66M,0.79x,3.77x,17.92x,$89.15M,-2.93%,-0.17%,21.02%
HLIT,Harmonic Inc,US,10.37%,-19.90%,$638.4M,$715.38M,9.67x,18.94x,-53.44x,$73.99M,-3.37%,-2.84%,51.05%
ENPH,Enphase Energy Inc,US,80.78%,543.12%,$17.01B,$16.71B,93.62x,175.95x,295.67x,$178.5M,-0.22%,1.42%,53.21%
IPHI,Inphi Corp,US,30.46%,110.17%,$7.37B,$7.74B,44.17x,83.32x,401.23x,$175.29M,19.39%,5.27%,53.02%
IRBT,iRobot Corp,US,1.58%,63.38%,$2.18B,$1.94B,4.69x,9.74x,21.77x,$413.14M,9.31%,7.47%,48.13%
BLKB,Blackbaud Inc,US,-11.56%,-32.94%,$2.75B,$3.21B,13.83x,25.26x,72.12x,$231.99M,0.70%,-0.19%,54.77%
BAND,Bandwidth Inc,US,-7.16%,170.97%,$3.47B,$3.45B,40.71x,87.96x,3651.57x,$84.76M,8.80%,0.96%,46.29%
CRTO,Criteo SA,FR,39.23%,10.54%,$1.15T,$1.15T,2449.93x,7614.27x,35205.55x,$470.34M,-2.60%,1.99%,32.18%
ROG,Rogers Corp,US,35.70%,19.71%,$2.93B,$2.82B,13.98x,37.39x,124.40x,$201.94M,-2.32%,3.49%,37.40%
FIVN,Five9 Inc,US,,,$9.08B,$8.79B,78.37x,134.01x,1849.50x,$112.14M,7.57%,1.02%,58.48%
SNCR,Synchronoss Technologies Inc,US,-32.65%,-29.95%,$123.84M,$91.07M,1.19x,1.94x,59.29x,$76.54M,-0.42%,2.85%,61.48%
APPS,Digital Turbine Inc,US,59.91%,368.44%,$3.32B,$3.31B,46.64x,111.33x,239.51x,$70.89M,21.25%,3.37%,41.89%
KOPN,Kopin Corp,US,1.94%,209.80%,$130.46M,$128.17M,14.54x,31.76x,-148.24x,$8.81M,-0.82%,-10.01%,45.78%
DIOD,Diodes Inc,US,30.28%,42.81%,$3.48B,$3.34B,11.56x,32.88x,60.40x,$288.67M,-2.70%,-0.86%,35.16%
EVTC,Evertec Inc,PR,9.15%,20.21%,$2.78B,$3.14B,22.99x,39.89x,50.63x,$136.51M,3.53%,4.49%,57.62%
GRMN,Garmin Ltd,CH,11.26%,21.71%,$22.25B,$21.13B,19.05x,31.64x,62.67x,$1.11B,4.38%,6.68%,60.22%
COHU,Cohu Inc,US,59.48%,53.96%,$1.15B,$1.35B,9.37x,22.16x,113.16x,$144.08M,-1.00%,0.54%,42.31%
SPWR,SunPower Corp,US,194.76%,221.54%,$3.9B,$3.65B,infx,39.73x,-202.54x,$0,-100.00%,-94.84%,0.00%
LFIN,LongFin Corp,US,,,,,,,,$39.88M,-26.50%,,0.76%
SCSC,Scansource Inc,US,12.15%,-23.76%,$688.11M,$877.35M,4.46x,25.23x,-4.14x,$196.92M,-32.72%,-32.13%,17.66%
ALRM,Alarm.com Holdings Inc,US,16.85%,65.38%,$3.6B,$3.51B,24.76x,37.86x,160.87x,$141.64M,3.87%,-3.97%,65.40%
QADA,QAD Inc,US,11.66%,-0.13%,$1.05B,$925.42M,12.49x,21.39x,370.46x,$74.08M,-0.76%,0.51%,58.39%
INPX,Inpixon,US,-5.56%,2509.65%,$27.16M,$-6.77M,-6.30x,-8.79x,1.02x,$1.08M,-7.83%,-15.09%,71.65%
VUZI,Vuzix Corp,US,11.62%,97.61%,$150.09M,$138.42M,45.58x,173.91x,-39.29x,$3.04M,8.57%,5.80%,26.21%
SIMO,Silicon Motion Technology Corp,TW,4.49%,-7.91%,$5.62B,$5.27B,38.49x,77.00x,150.47x,$136.81M,8.47%,-0.35%,49.99%
DMRC,Digimarc Corp,US,168.76%,17.59%,$467.45M,$427.04M,74.26x,111.70x,-53.49x,$5.75M,-0.33%,-1.59%,66.48%
CLS,Celestica Inc,CA,0.13%,3.90%,$1.03B,$1.17B,0.78x,9.46x,26.81x,$1.49B,0.80%,2.86%,8.28%
FTV,Fortive Corp,US,2.82%,2.54%,$24.8B,$29.42B,18.72x,36.13x,128.58x,$1.57B,-4.19%,-6.03%,51.83%
ENV,Envestnet Inc,US,-4.92%,16.31%,$4.24B,$4.74B,20.13x,28.46x,230.62x,$235.31M,1.19%,-4.22%,70.74%
LGL,LGL Group Inc,US,14.22%,-34.17%,$49.72M,$33.19M,4.70x,14.80x,99.37x,$7.06M,-2.58%,-9.35%,31.78%
CACI,CACI International Inc,US,3.75%,0.04%,$6.05B,$7.54B,5.17x,14.52x,45.83x,$1.46B,1.72%,-0.43%,35.60%
VSAT,ViaSat Inc,US,-8.09%,-50.08%,$2.29B,$3.91B,7.36x,26.95x,46.50x,$530.49M,-0.31%,-1.82%,27.32%
ANSS,ANSYS Inc,US,-3.43%,25.32%,$27.83B,$27.51B,71.33x,82.91x,201.85x,$385.66M,1.14%,2.11%,86.03%
ACIA,Acacia Communications Inc,US,2.88%,4.64%,$3.01B,$2.8B,20.72x,42.97x,138.58x,$135.22M,5.01%,0.48%,48.23%
SSYS,Stratasys Ltd,US,6.15%,-17.99%,$827.98M,$530.8M,3.99x,8.87x,-58.87x,$132.91M,-3.82%,-1.33%,45.05%
BDR,Blonder Tongue Laboratories Inc,US,11.58%,55.88%,$10.35M,$14.77M,3.86x,11.96x,-12.36x,$3.83M,-8.38%,-8.18%,32.24%
SPSC,SPS Commerce Inc,US,19.87%,70.84%,$3.45B,$3.26B,41.04x,59.89x,190.34x,$79.56M,2.91%,0.44%,68.52%
ACLS,Axcelis Technologies Inc,US,13.26%,25.17%,$925.36M,$783.46M,6.37x,15.10x,40.51x,$122.96M,13.42%,6.63%,42.21%
PI,Impinj Inc,US,54.55%,6.80%,$812.39M,$829.54M,29.42x,62.04x,-69.64x,$28.2M,-8.80%,-0.03%,47.43%
TEAM,Atlassian Corporation PLC,GB,16.70%,68.76%,$48.17B,$47.84B,111.14x,132.76x,-125.04x,$430.48M,6.50%,-0.90%,83.71%
CNDT,Conduent Inc,US,22.13%,-30.16%,$934.81M,$2.16B,2.12x,9.75x,32.66x,$1.02B,-2.23%,0.16%,21.75%
PLXS,Plexus Corp,US,0.41%,1.02%,$2.32B,$2.36B,2.75x,28.47x,39.39x,$857.39M,1.76%,2.45%,9.67%
VRTU,Virtusa Corp,US,24.01%,10.88%,$1.51B,$1.66B,5.51x,24.17x,502.89x,$301.06M,-1.44%,-1.59%,22.79%
VJET,Voxeljet AG,DE,60.41%,18.70%,$57.4M,$77.05M,19.67x,75.91x,-14.29x,$3.92M,-8.41%,-11.15%,25.92%
SYNC,Synacor Inc,US,9.16%,-17.82%,$57.17M,$53.03M,2.92x,5.80x,-335.66x,$18.18M,-13.08%,-2.76%,50.29%
FNJN,Finjan Holdings Inc,US,24.19%,,$42.62M,$23.92M,6.29x,8.25x,-6.72x,$3.8M,-100.00%,-26.62%,76.32%
SILC,Silicom Ltd,IL,2.32%,13.09%,$271.86M,$244.17M,10.60x,31.61x,128.17x,$23.04M,-2.41%,5.16%,33.52%
HMI,Huami Corp,CN,-1.51%,24.62%,$3.39B,$1.61B,1.42x,6.36x,54.73x,$1.14B,-11.31%,-19.33%,22.28%
PLT,Plantronics Inc,US,75.38%,4.48%,$1.07B,$2.45B,5.95x,13.54x,-253.22x,$410.97M,1.68%,7.99%,43.98%
ZIXI,Zix Corp,US,13.97%,-1.71%,$393.38M,$566.46M,10.62x,22.59x,105.94x,$53.34M,3.82%,-11.84%,47.02%
CAMP,CalAmp Corp,US,8.74%,-12.64%,$319.61M,$416.93M,4.99x,13.53x,-76.19x,$83.54M,-2.71%,-0.12%,36.88%
AGYS,Agilysys Inc,US,52.30%,52.48%,$898.67M,$827.52M,24.08x,35.74x,120.81x,$34.36M,-4.16%,1.97%,67.39%
AOSL,Alpha and Omega Semiconductor Ltd,US,76.18%,105.92%,$613.77M,$627.23M,5.12x,21.68x,54.05x,$122.4M,2.28%,2.79%,23.64%
LFUS,Littelfuse Inc,US,31.13%,33.17%,$5.89B,$5.97B,15.25x,43.20x,75.77x,$391.57M,1.98%,8.24%,35.29%
GIB,CGI Inc,CA,2.95%,-11.07%,$18.98B,$22.23B,7.28x,49.79x,28.84x,$3.05B,-0.54%,-1.05%,14.63%
ADBE,Adobe Inc,US,-12.45%,51.57%,$224.41B,$224.76B,69.69x,80.33x,182.29x,$3.22B,3.28%,-0.04%,86.76%
NEON,Neonode Inc,SE,-41.84%,408.39%,$66.67M,$66.78M,88.10x,105.16x,-46.89x,$758K,-18.40%,-7.96%,83.77%
AAPL,Apple Inc,US,-8.97%,-57.02%,$2T,$2.07T,31.96x,83.76x,118.32x,$64.7B,0.26%,-2.37%,38.16%
CRNT,Ceragon Networks Ltd,IL,8.30%,30.53%,$200.91M,$185.42M,2.97x,11.24x,-48.02x,$62.43M,-3.84%,1.36%,26.43%
MRAM,Everspin Technologies Inc,US,-3.14%,16.70%,$110.05M,$105.1M,8.89x,20.25x,-146.37x,$11.83M,8.14%,7.94%,43.89%
CMTL,Comtech Telecommunications Corp,US,20.63%,-44.23%,$504.29M,$605.97M,4.05x,12.20x,65.92x,$149.67M,-4.02%,1.62%,33.18%
VSH,Vishay Intertechnology Inc,US,18.12%,-3.55%,$2.82B,$2.66B,4.57x,20.21x,33.77x,$581.72M,-4.01%,0.76%,22.62%
VICR,Vicor Corp,US,-3.12%,96.96%,$3.42B,$3.22B,41.18x,96.47x,363.96x,$78.11M,2.50%,-0.30%,42.69%
UEIC,Universal Electronics Inc,US,24.87%,-4.28%,$756.65M,$770.82M,5.03x,20.24x,31.36x,$153.13M,-5.73%,-1.01%,24.86%
ASYS,Amtech Systems Inc,US,9.50%,-5.36%,$79.98M,$38.83M,2.55x,6.52x,159.79x,$15.23M,-7.73%,0.78%,39.08%
EMAN,eMagin Corp,US,-20.57%,239.39%,$63.57M,$60.52M,7.86x,30.63x,-15.72x,$7.7M,9.47%,7.03%,25.66%
RST,Rosetta Stone Inc,US,16.60%,,$722.85M,$692.81M,14.08x,18.35x,664.89x,$49.2M,1.73%,0.32%,76.75%
MRIN,Marin Software Inc,US,56.64%,34.94%,$15.48M,$8.24M,1.13x,3.06x,-2.97x,$7.28M,-12.61%,-2.20%,36.98%
SLAB,Silicon Laboratories Inc,US,12.82%,6.16%,$5.03B,$5.45B,24.60x,41.87x,386.51x,$221.35M,-0.22%,-0.32%,58.76%
DOCU,DocuSign Inc,US,1.30%,203.78%,$40.15B,$40.23B,117.55x,159.89x,-1055.91x,$342.21M,9.78%,1.23%,73.52%
CRNC,Cerence Inc,US,66.10%,470.90%,$3.17B,$3.31B,44.20x,70.05x,-190.36x,$74.81M,-0.90%,-6.22%,63.10%
GSB,GlobalSCAPE Inc,US,-0.73%,,$177.1M,$209.67M,20.90x,24.89x,44.80x,$10.03M,-0.58%,-1.37%,83.98%
VHC,VirnetX Holding Corp,US,0.98%,51.76%,$365.92M,$95.74M,5318.80x,5318.80x,-9.16x,$18K,-17.04%,-1311.60%,100.00%
CNXN,PC Connection Inc,US,6.18%,-4.58%,$1.22B,$1.08B,1.96x,12.10x,77.19x,$550M,-7.18%,-10.17%,16.18%
FICO,Fair Isaac Corp,US,12.84%,31.40%,$14.28B,$15.09B,48.10x,67.02x,158.10x,$313.73M,-0.04%,-2.61%,71.77%
CMBM,Cambium Networks Corp,US,80.70%,251.87%,$654.29M,$675.73M,10.85x,22.18x,101.04x,$62.25M,-2.59%,0.36%,48.95%
CEVA,CEVA Inc,US,-11.45%,41.99%,$825.64M,$795.66M,33.71x,38.62x,489.64x,$23.61M,6.43%,-2.19%,87.27%
LLNW,Limelight Networks Inc,US,-25.47%,-0.23%,$525.46M,$464.69M,7.84x,21.38x,103.54x,$59.24M,3.65%,-2.62%,36.69%
LPTH,LightPath Technologies Inc,US,17.31%,454.44%,$84.89M,$85.47M,9.39x,24.35x,51.26x,$9.11M,1.02%,-1.43%,38.54%
CAMT,Camtek Ltd,IL,17.46%,76.98%,$730.9M,$698.43M,18.88x,41.22x,117.15x,$37M,1.88%,4.82%,45.79%
ESE,ESCO Technologies Inc,US,14.71%,18.08%,$2.69B,$2.77B,16.04x,42.63x,90.04x,$172.66M,-3.58%,-4.90%,37.63%
HBB,Hamilton Beach Brands Holding Co,US,-1.42%,4.20%,$275.59M,$315.76M,2.28x,8.96x,27.51x,$138.3M,1.35%,2.52%,25.49%
VIOT,Viomi Technology Co Ltd,CN,3.46%,-30.84%,$1.35B,$743.3M,0.44x,3.08x,32.22x,$1.68B,9.77%,6.62%,14.31%
PRCP,Perceptron Inc,US,57.34%,45.21%,$67.8M,$61.97M,4.92x,13.11x,-436.39x,$12.61M,-8.76%,-3.65%,37.49%
NTWK,NetSol Technologies Inc,US,-1.98%,-27.91%,$35.63M,$26.14M,1.93x,3.72x,10.42x,$13.58M,-5.87%,-0.14%,51.76%
PLUS,ePlus inc,US,14.04%,3.12%,$1.16B,$1.12B,3.15x,11.34x,36.70x,$355.03M,-1.77%,-4.79%,27.76%
TNAV,Telenav Inc,US,-2.65%,-15.62%,$226.16M,$205.64M,5.82x,13.69x,-35.52x,$35.35M,-11.81%,-19.18%,42.48%
AEHR,Aehr Test Systems,US,-5.59%,-11.05%,$39.64M,$35M,17.40x,154.21x,-289.30x,$2.01M,-22.35%,-7.30%,11.28%
AIRG,Airgain Inc,US,-1.82%,34.77%,$130.24M,$101.64M,8.88x,18.84x,-428.87x,$11.45M,-5.68%,1.50%,47.13%
MTSC,MTS Systems Corp,US,57.71%,-34.05%,$741.12M,$1.27B,6.48x,19.42x,211.64x,$196.22M,-4.12%,-1.72%,33.38%
YAYO,YayYo Inc,US,60.00%,-81.32%,$14.52M,$15.06M,9.53x,52.77x,-51.86x,$1.58M,,,18.06%
VPG,Vishay Precision Group Inc,US,18.93%,-14.20%,$406.91M,$360.39M,6.09x,15.59x,61.89x,$59.15M,-4.42%,-1.40%,39.07%
MANT,ManTech International Corp,US,5.86%,2.20%,$3.22B,$3.21B,5.08x,34.53x,56.60x,$632.49M,4.17%,-0.86%,14.71%
LSCC,Lattice Semiconductor Corp,US,37.43%,110.52%,$5.53B,$5.52B,53.58x,88.61x,296.48x,$103.04M,-0.10%,0.32%,60.47%
PCTI,PCTEL Inc,US,7.25%,-23.59%,$118.57M,$112.32M,5.66x,11.80x,54.79x,$19.84M,-4.14%,-0.17%,47.98%
SPNS,Sapiens International Corporation NV,IL,-15.83%,26.25%,$1.5B,$1.49B,16.00x,38.92x,84.34x,$93.06M,4.01%,-0.20%,41.11%
CCRC,China Customer Relations Centers Inc,CN,20.91%,-53.21%,$92.2M,$71.18M,0.71x,3.51x,7.19x,$100.13M,14.89%,9.55%,20.23%
WSTL,Westell Technologies Inc,US,-25.94%,-13.99%,$12.53M,$-7.75M,-1.05x,-2.73x,14.11x,$7.35M,-4.94%,5.56%,38.67%
MSN,Emerson Radio Corp,US,52.00%,31.03%,$23.99M,$18.1M,13.99x,65.59x,-17.47x,$1.29M,-5.36%,2.43%,21.33%
BNSO,Bonso Electronics International Inc,HK,35.17%,,$22.05M,$14.88M,1.71x,2.31x,25.00x,$8.69M,13.12%,19.10%,74.19%
ISDR,Issuer Direct Corp,US,21.42%,96.24%,$76.39K,$-15.98M,-3272.96x,-4571.85x,-11405.14x,$4.88K,-81.33%,-85.56%,71.59%
CTS,CTS Corp,US,48.45%,15.89%,$1.04B,$935.24M,8.22x,25.34x,44.72x,$113.78M,-0.41%,8.20%,32.44%
MOSY,MoSys Inc,US,-7.27%,-7.27%,$5M,$1.17M,0.59x,0.86x,-2.16x,$1.97M,-10.49%,12.16%,69.31%
ALOT,AstroNova Inc,US,31.43%,-34.93%,$70.59M,$80.03M,2.89x,8.18x,35.36x,$27.66M,-4.66%,-0.80%,35.39%
VVPR,VivoPower International PLC,US,,,$122.31M,$145.44M,8.39x,65.34x,-20.27x,$17.33M,-1.55%,-17.32%,12.84%
ZDGE,Zedge Inc,US,159.86%,118.41%,$42.5M,$37.61M,13.86x,15.39x,50.69x,$2.71M,8.62%,6.50%,90.05%
MTLS,Materialise NV,BE,,,$2.34B,$2.34B,61.30x,116.91x,892.18x,$38.12M,-5.80%,-5.33%,52.43%
AMSWA,American Software Inc,US,-10.42%,1.19%,$520.65M,$440.89M,16.16x,30.96x,84.32x,$27.28M,-0.10%,-2.84%,52.21%
AEY,ADDvantage Technologies Group Inc,US,25.11%,29.68%,$31.86M,$30.23M,2.51x,7.25x,-39.17x,$12.02M,-9.42%,-420.28%,34.69%
OCC,Optical Cable Corp,US,11.43%,-18.99%,$20.07M,$33.87M,2.48x,10.33x,-34.37x,$13.64M,-5.86%,0.04%,24.04%
RDVT,Red Violet Inc,US,16.32%,34.62%,$267.43M,$255.8M,36.25x,57.24x,-166.10x,$7.06M,-0.66%,-13.51%,63.34%
SANM,Sanmina Corp,US,18.74%,4.44%,$2.34B,$2.23B,1.35x,16.99x,23.04x,$1.65B,-4.95%,2.06%,7.95%
REFR,Research Frontiers Inc,US,32.16%,-16.43%,$94.42M,$88.75M,503.92x,-194.68x,-255.85x,$176.11K,-12.54%,-8.58%,-258.84%
SGLB,Sigma Labs Inc,US,-1.54%,195.65%,$8.3M,$5.86M,34.93x,53.24x,-6.61x,$167.69K,49.49%,13.30%,65.60%
SOL,ReneSola Ltd,CN,108.64%,214.91%,$243.78M,$324.68M,15.34x,238.56x,-41.04x,$21.16M,-5.58%,6.68%,6.43%
SMSI,Smith Micro Software Inc,US,40.68%,12.13%,$230.9M,$208.67M,16.13x,17.89x,86.98x,$12.93M,4.48%,-7.64%,90.19%
BW,Babcock & Wilcox Enterprises Inc,US,32.24%,-6.90%,$151.8M,$483.98M,3.57x,14.90x,214.72x,$135.4M,-14.05%,-3.51%,24.00%
SUNW,Sunworks Inc,US,,,$104.76M,$101.97M,10.54x,61.54x,-73.89x,$9.67M,-15.15%,-22.61%,17.14%
JBL,Jabil Inc,US,14.30%,0.86%,$6.07B,$7.41B,1.02x,15.10x,28.22x,$7.3B,2.66%,1.85%,6.72%
BLIN,Bridgeline Digital Inc,US,13.30%,48.39%,$8.92M,$8.8M,3.34x,5.67x,-2.65x,$2.63M,-0.57%,-6.24%,59.00%
TER,Teradyne Inc,US,20.78%,76.57%,$19.65B,$19.32B,23.04x,40.98x,75.48x,$838.66M,10.42%,1.15%,56.22%
ESTC,Elastic NV,NL,2.44%,46.10%,$9.74B,$9.39B,72.86x,99.85x,-653.08x,$128.87M,9.48%,-1.81%,72.97%
CDAY,Ceridian HCM Holding Inc,US,23.89%,59.14%,$14.37B,$14.81B,76.92x,188.47x,937.59x,$192.6M,-0.47%,-2.73%,40.81%
CTK,CooTek (Cayman) Inc,CN,-4.59%,5.88%,$17.4B,$17.35B,137.29x,143.76x,5209.39x,$126.4M,35.41%,7.55%,95.50%
CCC,CLARIVATE PLC,GB,-4.27%,49.72%,$9.92T,$9.92T,34893.91x,51530.38x,144903.81x,$284.36M,4.01%,0.93%,67.72%
AGMH,AGM Group Holdings Inc,HK,1.98%,-25.94%,$317.99M,$315.91M,445.18x,676.92x,-229.46x,$709.63K,-44.51%,39.55%,65.77%
EB,Eventbrite Inc,US,69.05%,-21.67%,$1.5B,$1.15B,137.22x,-677.53x,-39.36x,$8.39M,-43.22%,-31.36%,-20.25%
ZUO,Zuora Inc,US,-10.47%,-25.45%,$1.37B,$1.26B,16.79x,30.04x,-90.06x,$74.99M,1.83%,-1.78%,55.89%
PEGA,Pegasystems Inc,US,-1.28%,65.48%,$10.29B,$10.01B,44.29x,67.54x,-161.83x,$225.95M,1.05%,-1.50%,65.57%
VMW,VMware Inc,US,4.82%,-10.80%,$63.67B,$65.51B,22.79x,27.44x,81.68x,$2.88B,2.23%,-0.55%,83.03%
DBX,Dropbox Inc,US,-10.31%,-3.05%,$7.64B,$7.54B,16.14x,20.67x,121.48x,$467.4M,3.87%,-0.35%,78.07%
EVSI,Envision Solar International Inc,US,220.49%,663.34%,$185.02M,$183.41M,126.04x,3314.21x,-223.51x,$1.46M,-2.95%,-5.53%,3.80%
DOMO,Domo Inc,US,-8.06%,96.84%,$1.03B,$1.07B,20.90x,28.51x,-54.19x,$51.13M,5.25%,0.80%,73.31%
GSKY,GreenSky Inc,US,3.50%,-40.70%,$784.93M,$1.39B,10.46x,20.44x,97.32x,$132.96M,-1.05%,-5.02%,51.17%
EVOP,EVO Payments Inc,US,-3.33%,-3.91%,$1.12B,$1.38B,14.67x,18.42x,58.61x,$94.28M,-6.34%,-6.26%,79.62%
ANET,Arista Networks Inc,US,22.63%,39.19%,$21.59B,$20.79B,38.47x,60.43x,106.70x,$540.57M,-2.91%,0.28%,63.65%
BNFT,Benefitfocus Inc,US,30.60%,-45.71%,$407.78M,$418.13M,6.73x,13.16x,-36.68x,$62.17M,-2.42%,-1.63%,51.11%
LASR,nLIGHT Inc,US,37.61%,57.71%,$1.19B,$1.09B,20.82x,83.15x,-338.30x,$52.14M,2.06%,1.26%,25.04%
MOGO,Mogo Inc (British Columbia),CA,39.53%,-10.45%,$67.47M,$160.94M,15.24x,15.26x,-41.48x,$10.56M,-8.20%,-6.51%,99.87%
VERB,Verb Technology Company Inc,US,-11.48%,20.27%,$32.2M,$33.37M,12.58x,22.00x,-16.55x,$2.65M,-8.19%,-310.35%,57.20%
PS,Pluralsight Inc,US,-26.68%,-11.49%,$1.63B,$2.03B,21.42x,27.04x,-114.74x,$94.76M,5.72%,-1.69%,79.19%
PHUN,Phunware Inc,US,-35.55%,-45.88%,$29.69M,$35.23M,15.92x,24.38x,-11.69x,$2.21M,-20.39%,-4.34%,65.30%
USIO,Usio Inc,US,-38.19%,-19.49%,$20.68M,$19.7M,2.83x,15.32x,-21.49x,$6.96M,-0.69%,-4.91%,18.47%
SONO,Sonos Inc,US,54.29%,38.42%,$2.34B,$2.04B,8.19x,18.60x,-42.89x,$249.31M,-1.06%,3.41%,44.04%
GILT,Gilat Satellite Networks Ltd,IL,9.46%,-31.40%,$327.48M,$271.88M,7.10x,28.36x,-159.84x,$38.32M,-10.49%,-4.09%,25.02%
UTSI,UTStarcom Holdings Corp,HK,-37.99%,-68.79%,$33.11M,$-1.86M,-0.13x,-0.38x,0.43x,$13.98M,2.38%,31.60%,35.37%
QTWO,Q2 Holdings Inc,US,18.08%,36.94%,$5.89B,$5.95B,60.96x,134.05x,-297.26x,$97.58M,5.88%,-0.81%,45.48%
ENTG,Entegris Inc,US,28.82%,90.95%,$12.13B,$12.77B,26.54x,56.49x,91.66x,$480.99M,5.10%,0.80%,46.99%
CLPS,CLPS Inc,HK,-18.11%,4.35%,$44.32M,$33.89M,0.80x,2.20x,12.29x,$42.57M,34.82%,-3.55%,36.12%
KC,Kingsoft Cloud Holdings Ltd,CN,-0.76%,,$78.55B,$75.66B,49.30x,936.99x,-188.10x,$1.53B,13.19%,-0.06%,5.26%
FOUR,Shift4 Payments Inc,US,23.07%,,$5.14B,$5.34B,37.63x,165.19x,-169.38x,$141.8M,-4.35%,-33.00%,22.78%
ZI,ZoomInfo Technologies Inc,US,22.86%,,$7.02B,$7.5B,67.64x,97.17x,255.16x,$110.9M,26.64%,-10.17%,69.61%
ACN,Accenture PLC,IE,3.97%,27.56%,$161.97B,$153.61B,14.18x,44.65x,68.38x,$10.84B,-0.50%,-0.26%,31.75%
MNDO,Mind CTI Ltd,IL,3.90%,13.34%,$47.82M,$41.34M,6.85x,12.48x,24.43x,$6.03M,7.85%,0.31%,54.89%
TDY,Teledyne Technologies Inc,US,22.31%,15.09%,$14.4B,$14.73B,19.67x,50.71x,97.10x,$749M,-1.70%,-0.44%,38.79%
MXIM,Maxim Integrated Products Inc,US,16.20%,42.67%,$21.8B,$21.2B,34.23x,50.84x,670.29x,$619.36M,3.82%,4.33%,67.33%
DAKT,Daktronics Inc,US,13.40%,-29.68%,$212.12M,$167.51M,1.17x,4.68x,12.55x,$143.64M,-5.52%,-5.19%,24.90%
LBCC,Long Blockchain Corp,US,,,,,,,,$827.15K,8.93%,-11.09%,21.33%
PAR,PAR Technology Corp,US,48.72%,81.03%,$1B,$1.05B,22.95x,115.52x,-160.83x,$45.69M,0.81%,-4.40%,19.87%
RELL,Richardson Electronics Ltd,US,,,$59.65M,$29.28M,0.75x,2.37x,-51.00x,$38.81M,-1.15%,1.83%,31.84%
QUMU,Qumu Corp,US,-9.06%,81.54%,$63.88M,$55.97M,6.00x,8.75x,-70.58x,$9.33M,14.85%,18.07%,68.50%
CCUR,CCUR Holdings Inc,US,,,,,,,,$892K,-16.63%,-24.66%,-3471.30%
LEDS,SemiLEDs Corp,TW,1.57%,45.50%,$12.07M,$17.2M,10.96x,41.34x,-50.58x,$1.57M,-2.62%,-1.16%,26.51%
MYSZ,My Size Inc,IL,8.49%,-72.55%,$4.41B,$4.41B,209830.94x,209830.94x,-3405.29x,$21K,20.38%,9.71%,100.00%
CLRO,Clearone Inc,US,-15.48%,28.31%,$35.47M,$37.18M,5.85x,14.20x,-29.44x,$6.36M,-0.25%,2.10%,41.18%
CLFD,Clearfield Inc,US,29.62%,79.12%,$318.42M,$309.14M,11.90x,28.65x,68.01x,$25.97M,4.36%,2.67%,41.55%
SPLK,Splunk Inc,US,-8.42%,34.44%,$31.55B,$32.33B,65.76x,89.78x,-155.61x,$491.66M,-1.23%,-1.77%,73.24%
PD,PagerDuty Inc,US,7.80%,24.09%,$2.57B,$2.4B,47.39x,54.52x,-203.38x,$50.71M,5.87%,-1.60%,86.91%
ACIW,ACI Worldwide Inc,US,8.21%,-13.38%,$3.8B,$4.99B,16.64x,32.72x,109.79x,$299.91M,0.19%,-8.89%,50.87%
SMAR,Smartsheet Inc,US,-2.23%,10.54%,$6.15B,$5.61B,61.48x,77.68x,-248.13x,$91.22M,8.99%,-2.07%,79.15%
HMNY,Helios and Matheson Analytics Inc,US,,,,,,,,$74.7M,22.92%,-27.09%,-46.76%
BKTI,BK Technologies Corp,US,3.02%,3.81%,$38.36M,$31.79M,3.20x,7.35x,-228.72x,$9.94M,-7.02%,-16.27%,43.55%
SWI,SolarWinds Corp,US,5.90%,15.58%,$7.01B,$8.58B,34.89x,47.85x,127.87x,$246.02M,-13.75%,-17.18%,72.91%
AVYA,Avaya Holdings Corp,US,14.43%,45.04%,$1.49B,$3.7B,5.13x,9.32x,19.78x,$721M,0.14%,1.11%,55.06%
IEC,IEC Electronics Corp,US,18.83%,18.55%,$107.26M,$139.79M,2.95x,21.05x,36.60x,$47.36M,4.10%,15.83%,14.02%
TZOO,Travelzoo,US,29.62%,-4.17%,$111.86M,$87.99M,12.56x,18.09x,-15.95x,$7M,-29.39%,-20.77%,69.43%
DAIO,Data I/O Corp,US,12.10%,-8.47%,$32.29M,$19.02M,4.09x,7.80x,-23.99x,$4.66M,-5.49%,0.24%,52.40%
VECO,Veeco Instruments Inc,US,34.61%,16.28%,$800.78M,$974.01M,8.69x,19.82x,131.09x,$112.08M,0.71%,0.50%,43.85%
NOW,ServiceNow Inc,US,5.53%,83.98%,$99.44B,$99.86B,86.69x,110.93x,648.25x,$1.15B,6.79%,0.34%,78.15%
QMCO,Quantum Corp,US,4.84%,6.32%,$242.99M,$240.97M,2.81x,6.22x,50.26x,$85.82M,-5.10%,3.63%,45.13%
WDAY,Workday Inc,US,-0.22%,18.59%,$50.3B,$50.85B,47.88x,65.39x,791.18x,$1.06B,4.58%,-0.82%,73.23%
LYTS,LSI Industries Inc,US,16.06%,56.80%,$221.24M,$219.71M,3.46x,13.66x,57.32x,$63.47M,-6.07%,-5.43%,25.34%
AWRE,Aware Inc,US,10.79%,-12.00%,$66.07M,$23.78M,9.61x,10.23x,-10.01x,$2.47M,-4.78%,6.21%,93.98%
RMBS,Rambus Inc,US,19.79%,20.96%,$1.83B,$1.88B,31.33x,42.89x,464.52x,$59.93M,0.69%,-6.55%,73.06%
OLED,Universal Display Corp,US,22.59%,14.51%,$10.5T,$10.5T,89673.78x,112047.00x,-1930657.62x,$117.08M,4.68%,20.99%,80.03%
TTEC,TTEC Holdings Inc,US,14.01%,44.63%,$3.11B,$3.34B,7.38x,25.48x,52.13x,$453.08M,3.65%,1.33%,28.96%
ZEN,Zendesk Inc,US,38.49%,64.62%,$14.78B,$15.34B,58.57x,77.05x,-545.66x,$261.93M,5.62%,-0.49%,76.02%
MICT,MICT Inc,US,-65.69%,77.66%,$34.83M,$34.46M,infx,infx,30.44x,$0,-100.00%,-53.14%,0.00%
CDK,CDK Global Inc,US,4.33%,-8.54%,$5.94B,$8.4B,18.68x,40.23x,69.25x,$449.6M,27.94%,27.20%,46.44%
MDLA,Medallia Inc,US,-1.55%,5.09%,$4.79B,$4.61B,39.94x,62.05x,-158.60x,$115.52M,4.83%,0.08%,64.36%
SYKE,Sykes Enterprises Inc,US,15.71%,10.56%,$1.58B,$1.5B,3.59x,10.08x,32.56x,$416.83M,1.74%,1.23%,35.60%
SPT,Sprout Social Inc,US,37.37%,,$2.37B,$2.31B,73.54x,100.05x,-342.37x,$31.4M,6.12%,-0.79%,73.50%
SEDG,Solaredge Technologies Inc,IL,25.15%,226.34%,$14.13B,$13.71B,41.33x,133.20x,224.71x,$331.85M,0.52%,-11.70%,31.03%
BL,Blackline Inc,US,43.24%,108.50%,$6.37B,$6.3B,75.63x,94.67x,-771.63x,$83.27M,4.56%,-1.97%,79.89%
EVBG,Everbridge Inc,US,-15.80%,41.69%,$4.18B,$4.14B,63.29x,90.05x,-558.74x,$65.38M,7.80%,-0.49%,70.29%
EGAN,eGain Corp,US,-5.59%,36.71%,$345.81M,$299.2M,15.72x,21.36x,104.36x,$19.03M,3.13%,1.20%,73.60%
LYFT,Lyft Inc,US,33.77%,-19.31%,$12.21B,$12.08B,35.60x,5345.53x,-28.13x,$339.34M,-20.91%,-26.25%,0.67%
MGIC,Magic Software Enterprises Ltd,IL,3.20%,60.96%,$773.88M,$720.11M,8.32x,29.04x,72.07x,$86.52M,2.94%,-1.44%,28.66%
DDOG,Datadog Inc,US,3.36%,108.32%,$29.5B,$29.86B,213.26x,268.67x,3131.78x,$140.01M,13.89%,-3.11%,79.37%
UPLD,Upland Software Inc,US,14.49%,15.97%,$1.1B,$1.53B,21.50x,32.18x,-138.80x,$71.32M,7.70%,-1.14%,66.81%
PING,Ping Identity Holding Corp,US,-36.97%,3.17%,$1.77B,$1.74B,29.57x,41.24x,430.38x,$58.98M,-1.42%,-6.47%,71.72%
EVOL,Evolving Systems Inc,US,47.79%,65.35%,$20.34M,$17.24M,2.72x,4.16x,30.89x,$6.33M,0.29%,1.87%,65.43%
SMTC,Semtech Corp,US,9.27%,37.79%,$4.54B,$4.44B,30.92x,50.33x,200.12x,$143.66M,1.17%,0.91%,61.43%
BOXL,Boxlight Corp,US,-14.79%,-2.04%,$25.4M,$26.31M,3.36x,9.78x,-45.57x,$7.83M,-8.35%,-11.82%,34.37%
XELA,Exela Technologies Inc,US,-14.98%,20.56%,$54.93M,$1.53B,4.96x,23.14x,-22.04x,$307.72M,-5.80%,-3.31%,21.43%
OIIM,O2micro International Ltd,KY,146.28%,378.62%,$10.27B,$10.27B,594.19x,1160.05x,5815.35x,$17.28M,4.91%,-0.21%,51.22%
SNPS,Synopsys Inc,US,-1.95%,55.94%,$33.61B,$32.69B,33.91x,42.40x,112.01x,$964.13M,3.11%,2.37%,79.98%
WK,Workiva Inc,US,,,$3.56B,$3.46B,41.29x,56.19x,-229.65x,$83.86M,3.36%,-1.88%,73.47%
SMIT,Schmitt Industries Inc,US,20.55%,63.51%,$21.42M,$14.93M,16.60x,24.58x,-93.81x,$899.84K,-4.78%,24.11%,67.53%
CYBE,CyberOptics Corp,US,-24.43%,46.01%,$193.32M,$187.48M,11.72x,25.63x,83.66x,$16M,1.55%,-0.80%,45.72%
MIND,Mitcham Industries Inc,US,-10.92%,-0.47%,$25.83M,$24.79M,4.88x,12.29x,-4.41x,$5.09M,-13.05%,-6.05%,39.66%
FARO,FARO Technologies Inc,US,21.74%,33.67%,$1.21T,$1.21T,17048.29x,33222.99x,-839782.71x,$70.74M,-5.98%,-7.36%,51.31%
MPWR,Monolithic Power Systems Inc,US,13.04%,86.80%,$14.27B,$14.11B,75.79x,137.56x,353.60x,$186.21M,5.38%,1.31%,55.10%
SQ,Square Inc,US,31.98%,197.29%,$89.3B,$89.55B,46.55x,150.06x,-15068.68x,$1.92B,13.13%,3.60%,31.02%
PBTS,Powerbridge Technologies Co Ltd,CN,-14.73%,-14.43%,$22.29M,$18.17M,2.49x,11.66x,-2.26x,$7.3M,-2.59%,-29.92%,21.36%
FLT,Fleetcor Technologies Inc,US,9.09%,-10.84%,$23.12B,$26.8B,51.04x,51.04x,91.13x,$525.15M,-5.09%,-6.63%,100.00%
WEX,WEX Inc,US,16.90%,-8.37%,$8.09B,$9.59B,27.62x,50.02x,65.55x,$347.08M,-5.85%,-8.97%,55.23%
NTGR,NETGEAR Inc,US,-5.14%,29.98%,$971.21M,$698.11M,1.85x,6.15x,18.85x,$378.11M,9.21%,4.26%,30.02%
ATEN,A10 Networks Inc,US,-2.63%,20.71%,$635.42M,$592.5M,10.47x,13.63x,66.44x,$56.61M,1.74%,0.10%,76.82%
SPI,SPI Energy Co Ltd,HK,773.53%,479.51%,$174.1M,$301M,6.25x,186.84x,-35.76x,$48.16M,-1.66%,-0.76%,3.35%
SMTX,SMTC Corp,CA,,,$143.04M,$220.84M,2.44x,20.67x,38.27x,$90.41M,-0.15%,1.74%,11.82%
PDFS,PDF Solutions Inc,US,2.64%,37.02%,$716.26M,$621.73M,29.04x,49.89x,-421.23x,$21.41M,1.01%,0.26%,58.21%
IMMR,Immersion Corp,US,-12.49%,17.97%,$228.53M,$174.43M,30.77x,31.12x,-11628.81x,$5.67M,-10.27%,-15.40%,98.91%
ITRN,Ituran Location and Control Ltd,IL,10.47%,-25.88%,$364.44M,$368.46M,6.91x,13.32x,137.59x,$53.31M,-6.99%,-5.17%,51.88%
IBM,International Business Machines Corp,US,0.20%,-8.49%,$111.35B,$153.42B,8.74x,18.20x,55.41x,$17.56B,-0.66%,0.73%,48.01%
DGII,Digi International Inc,US,21.20%,-7.59%,$488.88M,$510.25M,7.25x,13.66x,62.87x,$70.34M,3.55%,0.75%,53.10%
IDEX,Ideanomics Inc,US,146.09%,205.83%,$567.11M,$541.49M,115.41x,2123.51x,-31.81x,$4.69M,-24.52%,41.07%,5.43%
OTEX,Open Text Corp,CA,-2.98%,2.30%,$11.96B,$14.46B,17.50x,25.56x,85.11x,$826.61M,2.56%,-0.61%,68.46%
TSRI,TSR Inc,US,42.86%,,$13.34M,$2.76M,0.19x,1.18x,8650.07x,$14.51M,-0.73%,0.54%,16.06%
ISNS,Image Sensing Systems Inc,US,26.11%,-3.40%,$24.06M,$18.15M,5.36x,6.54x,28.94x,$3.39M,-5.38%,-3.76%,81.96%
HPE,Hewlett Packard Enterprise Co,US,19.23%,-31.99%,$14.99B,$25.98B,3.81x,12.57x,46.07x,$6.82B,-1.42%,2.83%,30.33%
NETE,Net Element Inc,US,64.57%,207.29%,$49.27M,$58.32M,4.25x,26.73x,73.95x,$13.72M,-4.49%,-5.78%,15.90%
KEYS,Keysight Technologies Inc,US,20.44%,11.12%,$22.44B,$22.53B,22.29x,37.19x,79.07x,$1.01B,-1.80%,3.01%,59.94%
IIVI,II-VI Inc,US,52.67%,137.58%,$6.13B,$7.93B,10.62x,26.24x,89.83x,$746.29M,19.77%,3.44%,40.49%
VSLR,Vivint Solar Inc,US,169.76%,,$5.38B,$6.87B,64.57x,147.95x,84.09x,$106.39M,4.05%,-3.01%,43.65%
RDWR,Radware Ltd,IL,-1.91%,8.38%,$1.23B,$1.18B,20.15x,24.59x,198.32x,$58.44M,-0.84%,-0.27%,81.94%
SMCI,Super Micro Computer Inc,US,11.93%,36.89%,$1.58B,$1.39B,1.56x,11.29x,70.79x,$896.13M,1.20%,0.25%,13.78%
WRTC,Wrap Technologies Inc,US,-37.72%,10.65%,$174.7M,$154.76M,153.72x,485.49x,-40.46x,$1.01M,39.12%,-54.34%,31.66%
MTSI,MACOM Technology Solutions Holdings Inc,US,15.62%,75.21%,$2.93B,$3.49B,25.39x,49.18x,1638.84x,$137.27M,6.10%,-11.47%,51.63%
SQNS,Sequans Communications SA,FR,-32.66%,144.89%,$117.02M,$176.13M,14.40x,29.82x,-5.89x,$12.23M,10.85%,5.18%,48.30%
FEIM,Frequency Electronics Inc,US,-1.67%,-1.96%,$91.39M,$91.97M,7.10x,22.50x,-429.77x,$12.95M,0.78%,6.87%,31.57%
MVIS,MicroVision Inc,US,49.02%,168.24%,$312.42M,$308.97M,483.53x,483.53x,-119.76x,$639K,-14.40%,2.66%,100.00%
TCX,Tucows Inc,CA,12.93%,31.26%,$774.41M,$879.15M,10.71x,35.90x,153.03x,$82.12M,-0.60%,-2.15%,29.82%
CVLT,Commvault Systems Inc,US,9.38%,-4.60%,$2.22B,$1.86B,10.86x,12.88x,-50.82x,$171.14M,0.53%,-1.10%,84.34%
GLOB,Globant SA,LU,1.34%,72.51%,$7.03B,$6.82B,37.31x,102.91x,614.01x,$182.71M,3.78%,-3.22%,36.26%
DT,Dynatrace Inc,US,-16.64%,44.79%,$10.17B,$10.41B,61.75x,75.50x,415.77x,$168.59M,6.84%,0.71%,81.78%
ZBRA,Zebra Technologies Corp,US,31.16%,50.02%,$20.05B,$21.2B,22.18x,50.60x,140.41x,$956M,-3.38%,-3.05%,43.83%
CREE,Cree Inc,US,43.19%,94.35%,$9.85T,$9.85T,45581.42x,182325.70x,209480.59x,$216M,-2.88%,-40.60%,25.00%
HEAR,Turtle Beach Corp,US,-5.23%,108.48%,$291.31M,$270.1M,3.39x,9.24x,21.07x,$79.68M,17.83%,23.84%,36.68%
TSEM,Tower Semiconductor Ltd,IL,22.68%,10.93%,$2.67B,$2.71B,8.75x,46.99x,32.33x,$310.09M,0.33%,1.14%,18.61%
MSI,Motorola Solutions Inc,US,12.09%,2.69%,$29.22B,$33.58B,17.98x,36.95x,94.87x,$1.87B,-1.62%,1.81%,48.66%
PRFT,Perficient Inc,US,7.99%,12.56%,$1.51B,$1.58B,10.01x,-44.18x,92.57x,$157.68M,2.17%,1.39%,-22.66%
AVT,Avnet Inc,US,12.90%,-22.88%,$3.07B,$3.84B,0.81x,7.45x,95.24x,$4.72B,0.50%,3.41%,10.93%
QUIK,QuickLogic Corp,US,-14.33%,981.60%,$24.05M,$13.85M,6.31x,13.79x,-5.33x,$2.2M,1.28%,10.62%,45.72%
LOGI,Logitech International SA,CH,10.33%,89.90%,$13.88B,$12.96B,10.31x,22.75x,38.18x,$1.26B,14.96%,9.67%,45.32%
SSNC,SS&C Technologies Holdings Inc,US,8.81%,15.21%,$18.54B,$25.19B,22.13x,49.26x,79.47x,$1.14B,-0.22%,-1.01%,44.93%
SLP,Simulations Plus Inc,US,-11.40%,54.25%,$981.42M,$974.06M,79.20x,101.12x,213.06x,$12.3M,5.47%,0.34%,78.33%
PLAB,Photronics Inc,US,2.53%,-4.71%,$739.25M,$531.52M,3.37x,14.09x,14.44x,$157.9M,3.40%,1.34%,23.90%
UI,Ubiquiti Inc,US,32.65%,25.29%,$15.71B,$16.22B,51.41x,106.68x,145.60x,$315.52M,2.43%,-1.89%,48.19%
GSIT,GSI Technology Inc,US,-9.77%,-22.71%,$136.42M,$85.45M,12.91x,28.02x,-16.66x,$6.62M,-15.55%,-6.12%,46.07%
CSCO,Cisco Systems Inc,US,0.85%,-3.91%,$180.75B,$183.53B,15.10x,23.88x,47.43x,$12.15B,-2.46%,-0.52%,63.22%
UBER,Uber Technologies Inc,US,58.70%,76.09%,$89.14B,$89.42B,39.90x,150.54x,-58.37x,$2.24B,-8.28%,-11.68%,26.51%
NVMI,Nova Measuring Instruments Ltd,IL,17.10%,80.27%,$1.84B,$1.81B,28.98x,49.56x,138.18x,$62.59M,5.19%,3.32%,58.48%
AKTS,Akoustis Technologies Inc,US,-12.40%,0.67%,$278.33M,$241.79M,380.17x,-238.69x,-25.92x,$636K,4.03%,14.49%,-159.28%
BR,Broadridge Financial Solutions Inc,US,5.70%,19.40%,$16.9B,$18.32B,18.01x,79.64x,196.96x,$1.02B,1.76%,-1.22%,22.62%
AYX,Alteryx Inc,US,-6.33%,4.41%,$7.4B,$7.98B,82.95x,92.18x,-761.52x,$96.23M,4.07%,-5.32%,89.99%
MLAB,Mesa Laboratories Inc,US,12.62%,13.40%,$1.26B,$1.17B,39.17x,58.73x,188.87x,$29.94M,3.31%,-3.34%,66.69%
PXLW,Pixelworks Inc,US,24.15%,-9.85%,$115.57M,$99.48M,10.75x,19.70x,-19.44x,$9.25M,-15.36%,-10.73%,54.57%
AVLR,Avalara Inc,US,27.89%,110.81%,$12.98B,$12.5B,107.33x,150.35x,-2109.51x,$116.49M,6.28%,-0.74%,71.39%
DUOT,Duos Technologies Group Inc,US,8.54%,-35.13%,$15.69M,$11.96M,6.03x,16.18x,-8.11x,$1.98M,10.16%,41.09%,37.30%
ACMR,ACM Research Inc,US,-23.21%,415.44%,$1.33B,$1.27B,32.54x,65.65x,568.59x,$39.05M,7.71%,3.29%,49.57%
TYL,Tyler Technologies Inc,US,19.49%,41.16%,$17.02B,$16.66B,61.47x,127.01x,268.37x,$271.09M,-0.37%,-3.23%,48.40%
LINK,Interlink Electronics Inc,US,,,,,,,,$2.16M,2.95%,9.94%,50.12%
ARW,Arrow Electronics Inc,US,22.37%,16.48%,$7.39B,$9.43B,1.30x,11.96x,33.10x,$7.23B,0.54%,3.15%,10.91%
JNPR,Juniper Networks Inc,US,-7.55%,-11.79%,$7.42B,$7.68B,7.07x,12.40x,48.79x,$1.09B,-0.37%,-0.28%,57.04%
SCWX,SecureWorks Corp,US,-3.40%,6.89%,$972.93M,$791.44M,5.72x,10.07x,105.68x,$138.48M,0.34%,-1.19%,56.74%
SEAC,SeaChange International Inc,US,-33.05%,-74.64%,$34.17M,$29.15M,5.84x,16.07x,-5.73x,$5M,-28.22%,-23.23%,36.32%
SITM,SiTime Corp,US,17.20%,372.30%,$1.25B,$1.18B,54.84x,117.96x,-330.87x,$21.47M,7.90%,-2.16%,46.49%
FTFT,Future Fintech Group Inc,CN,-0.47%,303.77%,$71.34M,$73.86M,649.64x,707.92x,-159.36x,$113.69K,-18.45%,-24.15%,91.77%
NEWR,New Relic Inc,US,-10.67%,-16.54%,$3.36B,$3.53B,21.73x,27.32x,-1556.96x,$162.58M,3.62%,-1.23%,79.53%
FSCT,ForeScout Technologies Inc,US,38.51%,,$1.42B,$1.4B,17.51x,23.16x,-72.55x,$79.88M,0.51%,7.25%,75.62%
RMNI,Rimini Street Inc,US,-0.93%,6.25%,$290.23M,$217.76M,2.78x,4.54x,43.53x,$78.4M,2.92%,-1.40%,61.18%
AWSM,Cool Holdings Inc,US,1185.71%,1587.50%,$117.96M,$118.69M,6.72x,26.21x,-67.44x,$17.65M,37.56%,9.75%,25.66%
CLDR,Cloudera Inc,US,-7.73%,19.38%,$3.44B,$3.3B,15.38x,20.01x,-320.00x,$214.34M,2.17%,-0.77%,76.84%
SOFO,Sonic Foundry Inc,US,,,,,,,,$7.92M,-5.83%,-7.86%,72.59%
VERI,Veritone Inc,US,59.30%,485.19%,$471.3M,$421.22M,31.75x,47.10x,-40.56x,$13.27M,1.97%,2.43%,67.40%
CPSH,CPS Technologies Corp,US,55.83%,154.00%,$33.68M,$34.79M,6.04x,29.40x,86.79x,$5.76M,-2.48%,-7.92%,20.55%
CRUS,Cirrus Logic Inc,US,27.48%,8.78%,$4.68B,$4.4B,18.13x,34.51x,130.58x,$242.57M,0.45%,-3.37%,52.55%
DTSS,Datasea Inc,CN,-22.59%,14.84%,$43.77M,$42.71M,30.19x,33.67x,-24.59x,$1.41M,-100.00%,,89.65%
EBIX,Ebix Inc,US,47.54%,2.42%,$1.1B,$1.74B,15.64x,27.98x,48.03x,$111.31M,-6.28%,-5.38%,55.90%
DXC,DXC Technology Co,US,21.63%,-34.31%,$6B,$12.51B,2.78x,14.33x,33.72x,$4.5B,-2.05%,0.23%,19.39%
PRTH,Priority Technology Holdings Inc,US,147.52%,44.93%,$335.57M,$822.08M,8.90x,27.44x,56.35x,$92.36M,0.06%,-2.49%,32.44%
QRVO,Qorvo Inc,US,15.39%,44.50%,$17.72B,$18.46B,23.44x,56.65x,77.56x,$787.45M,0.38%,-3.33%,41.37%
MSFT,Microsoft Corp,US,-3.30%,42.54%,$1.62T,$1.66T,44.80x,63.64x,89.87x,$37.15B,2.97%,-0.09%,70.39%
PRSP,Perspecta Inc,US,9.09%,-12.76%,$3.7B,$6.11B,5.51x,29.24x,47.37x,$1.11B,0.02%,-0.09%,18.86%
GVP,GSE Systems Inc,US,16.16%,-4.17%,$23.47M,$28.49M,1.99x,8.00x,-18.85x,$14.34M,-11.58%,-6.08%,24.84%
CLSK,CleanSpark Inc,US,-10.36%,80.21%,$115.42M,$114.14M,33.19x,209.54x,-10.14x,$3.44M,29.50%,-20.44%,15.84%
SNX,SYNNEX Corp,US,28.69%,33.38%,$8.4B,$9.81B,1.52x,13.85x,64.91x,$6.46B,1.04%,16.77%,10.95%
DQ,Daqo New Energy Corp,CN,-66.03%,13.40%,$15.61B,$15.84B,118.61x,697.70x,-8491.40x,$133.52M,19.28%,-0.80%,17.00%
LRCX,Lam Research Corp,US,26.90%,68.34%,$64.85B,$66.55B,20.95x,44.19x,64.36x,$3.18B,10.05%,5.78%,47.41%
PLAN,Anaplan Inc,US,15.60%,31.14%,$9.3B,$9.01B,84.59x,111.13x,-323.58x,$106.51M,5.95%,-2.23%,76.11%
CASA,Casa Systems Inc,US,19.74%,49.38%,$455.57M,$591.1M,5.59x,11.24x,43.64x,$105.75M,6.62%,-5.84%,49.74%
SGMA,SigmaTron International Inc,US,5.77%,-25.17%,$14.03M,$59.75M,0.99x,13.98x,104.54x,$60.52M,-4.90%,-1.86%,7.06%
SIGM,Sigma Designs Inc,US,,,,,,,,$39.56M,-39.97%,,47.07%
DSGX,Descartes Systems Group Inc,CA,-5.08%,32.35%,$4.89B,$4.81B,57.19x,77.97x,160.40x,$84.04M,1.07%,-0.71%,73.35%
BHE,Benchmark Electronics Inc,US,27.88%,-25.05%,$929.19M,$751.6M,1.53x,21.68x,69.68x,$490.97M,-4.95%,-1.09%,7.06%
SSNT,SilverSun Technologies Inc,US,-2.30%,-10.51%,$14.05M,$8.41M,0.87x,2.14x,40.10x,$9.67M,1.48%,-0.53%,40.68%
VRSN,Verisign Inc,US,-4.22%,4.45%,$22.8B,$24.44B,76.89x,89.58x,111.60x,$317.88M,0.76%,0.11%,85.84%
APPN,Appian Corp,US,134.69%,203.22%,$9.08B,$8.83B,132.19x,193.50x,-865.41x,$66.78M,-0.05%,-6.99%,68.32%
SHSP,SharpSpring Inc,US,46.15%,29.08%,$177.09M,$167.1M,22.98x,30.96x,-337.15x,$7.27M,7.14%,-0.13%,74.24%
ON,ON Semiconductor Corp,US,31.96%,30.02%,$11.73B,$14.41B,11.88x,37.21x,109.52x,$1.21B,-2.59%,-0.57%,31.92%
EGOV,NIC Inc,US,11.08%,7.67%,$1.62B,$1.4B,10.37x,28.19x,41.86x,$134.59M,10.47%,9.92%,36.77%
BILL,Bill.com Holdings Inc,US,5.89%,,$3.11B,$2.53B,60.18x,79.17x,-301.19x,$42.11M,7.37%,-2.55%,76.02%
FTNW,FTE Networks Inc,US,0.00%,,$20.8M,$97M,0.80x,8.41x,-5.28x,$121.02M,12.43%,8.36%,9.53%
AEYE,AudioEye Inc,US,-14.95%,194.89%,$144.42M,$143.69M,27.20x,39.09x,-81.92x,$5.28M,21.35%,0.32%,69.58%
MEI,Methode Electronics Inc,US,27.71%,-0.87%,$1.39B,$1.53B,8.01x,33.93x,60.24x,$190.9M,-8.32%,-2.65%,23.62%
EXTR,Extreme Networks Inc,US,31.18%,-16.39%,$716.84M,$910.7M,3.86x,6.75x,-1190.46x,$235.8M,-1.99%,1.88%,57.26%
ELTK,Eltek Ltd,IL,-20.18%,22.64%,$19.93M,$19.29M,2.19x,10.15x,18.66x,$8.79M,1.76%,0.58%,21.61%
EXLS,Exlservice Holdings Inc,US,,,$2.86T,$2.86T,11870.99x,32172.40x,61071.17x,$241.02M,-1.05%,1.19%,36.90%
CSIQ,Canadian Solar Inc,CA,44.81%,150.90%,$2.43B,$4.1B,5.89x,27.84x,353.05x,$695.85M,-9.48%,-23.72%,21.16%
TXN,Texas Instruments Inc,US,11.86%,36.85%,$146.76B,$150.74B,39.49x,61.45x,81.08x,$3.82B,0.30%,3.37%,64.27%
APH,Amphenol Corp,US,,,$39.06B,$41.45B,17.84x,56.41x,75.34x,$2.32B,2.55%,2.90%,31.63%
FISV,Fiserv Inc,US,17.30%,-1.22%,$77.2B,$97.52B,25.76x,50.85x,118.21x,$3.79B,4.89%,-18.15%,50.66%
AXTI,AXT Inc,US,66.61%,195.22%,$390.38M,$369.96M,16.71x,54.66x,180.55x,$22.13M,-2.80%,-3.43%,30.58%
RNG,RingCentral Inc,US,-2.73%,66.04%,$26.63B,$26.91B,96.79x,133.63x,861.82x,$277.98M,6.62%,-0.73%,72.43%
MIME,Mimecast Ltd,GB,-14.09%,-6.26%,$2.64B,$2.53B,22.01x,29.23x,187.95x,$115.18M,3.80%,-1.71%,75.28%
VISL,Vislink Technologies Inc,US,-23.30%,-10.00%,$19.99M,$16.5M,2.75x,4.61x,-29.21x,$6.01M,-4.92%,5.21%,59.60%
XLNX,Xilinx Inc,US,26.90%,46.89%,$32.45B,$33.27B,43.41x,61.42x,132.50x,$766.54M,-2.07%,1.76%,70.67%
WYY,WidePoint Corp,US,1422.22%,2183.33%,$698.41M,$691.45M,12.62x,136.72x,673.62x,$54.78M,25.49%,9.50%,9.23%
TUFN,Tufin Software Technologies Ltd,IL,-25.55%,-56.83%,$279.5M,$184.68M,8.02x,10.10x,-22.86x,$23.03M,-2.13%,-0.75%,79.35%
WB,Weibo Corp,CN,22.79%,3.90%,$10.4B,$10.61B,27.40x,32.78x,41.74x,$387.39M,-2.68%,2.45%,83.59%
TCCO,Technical Communications Corp,US,2.43%,73.06%,$7.01M,$6.2M,10.36x,17.48x,-13.00x,$598.73K,-16.55%,5.21%,59.29%
TENB,Tenable Holdings Inc,US,-6.29%,24.07%,$3.45B,$3.37B,30.04x,36.31x,-4479.33x,$112.28M,5.15%,-0.71%,82.73%
MX,MagnaChip Semiconductor Corp,LU,17.23%,22.32%,$660.86M,$774.22M,6.52x,24.09x,21.85x,$118.83M,-4.17%,-7.11%,27.05%
JKS,JinkoSolar Holding Co Ltd,CN,205.98%,295.52%,$13.28B,$30.1B,3.56x,19.90x,118.92x,$8.45B,5.15%,-4.72%,17.90%
JCS,Communications Systems Inc,US,0.91%,-41.78%,$41.61M,$21.06M,2.19x,6.05x,-12.33x,$9.63M,-11.08%,-6.15%,36.15%
PWFL,Powerfleet Inc,US,32.73%,23.21%,$216.96M,$228.82M,8.88x,16.29x,-138.68x,$25.76M,12.17%,-10.48%,54.50%
SCKT,Socket Mobile Inc,US,96.45%,65.87%,$16.65M,$17.46M,6.43x,12.82x,-28.32x,$2.72M,-14.41%,-12.13%,50.15%
TAIT,Taitron Components Inc,US,17.28%,12.18%,$16.67M,$10.95M,8.41x,17.70x,62.24x,$1.3M,-7.40%,-8.95%,47.51%
EPAY,Bottomline Technologies (DE) Inc,US,-2.97%,-6.45%,$1.96B,$1.94B,17.56x,30.83x,150.47x,$110.64M,0.55%,-0.67%,56.96%
DSPG,DSP Group Inc,US,13.96%,14.76%,$382.37M,$344.17M,12.15x,24.13x,-1260.70x,$28.34M,-0.61%,-0.57%,50.33%
EPAM,Epam Systems Inc,US,-2.34%,48.01%,$18.37B,$17.41B,27.52x,81.78x,207.33x,$632.38M,3.48%,-2.25%,33.66%
QLYS,Qualys Inc,US,-15.79%,4.40%,$3.74B,$3.62B,40.77x,51.78x,99.56x,$88.83M,3.00%,-0.44%,78.73%
NOVA,Sunnova Energy International Inc,US,64.42%,296.31%,$3.39T,$3.39T,67660.20x,100858.13x,199810.82x,$50.18M,8.20%,2.75%,67.08%
UCTT,Ultra Clean Holdings Inc,US,18.33%,41.86%,$1.24B,$1.36B,3.93x,18.35x,32.28x,$344.8M,6.77%,1.38%,21.43%
SAIL,SailPoint Technologies Holdings Inc,US,6.15%,63.94%,$3.79B,$3.64B,39.37x,49.18x,286.86x,$92.46M,10.04%,4.40%,80.06%
WIX,Wix.Com Ltd,IL,-16.67%,102.94%,$13.53B,$13.73B,58.16x,82.92x,-243.88x,$236.06M,6.22%,0.71%,70.14%
WSTG,Wayside Technology Group Inc,US,-6.30%,52.12%,$89.91M,$44.88M,0.79x,6.31x,35.31x,$56.59M,2.80%,-5.90%,12.57%
EGHT,8x8 Inc,US,15.02%,-5.19%,$2.03B,$2.22B,17.20x,30.58x,-73.46x,$129.13M,4.21%,-1.74%,56.25%
TAOP,Taoping Inc,CN,2.77%,7.61%,$3.5M,$10.29M,2.75x,7.02x,-1.58x,$3.74M,-7.58%,-24.62%,39.25%
NSIT,Insight Enterprises Inc,US,25.10%,12.24%,$2.6B,$2.88B,1.46x,8.88x,31.88x,$1.97B,1.76%,-4.44%,16.48%
FN,Fabrinet,TH,-1.89%,15.57%,$2.63B,$2.46B,6.06x,52.68x,66.99x,$405.11M,-0.00%,-0.76%,11.51%
NVDA,NVIDIA Corp,US,1.45%,134.80%,$324.46B,$328.15B,84.88x,144.24x,307.83x,$3.87B,10.65%,2.12%,58.85%
PAGS,PagSeguro Digital Ltd,BR,5.50%,38.50%,$15.38B,$15.58B,11.48x,27.62x,32.76x,$1.36B,-0.59%,-6.71%,41.56%
FEYE,FireEye Inc,US,0.90%,-10.82%,$3.36B,$3.12B,13.09x,20.26x,-212.54x,$238.46M,1.36%,-0.02%,64.60%
LPSN,LivePerson Inc,US,-14.83%,38.72%,$3.48B,$3.49B,38.12x,54.65x,-221.69x,$91.6M,6.59%,2.46%,69.75%
MWK,Mohawk Group Holdings Inc,US,-11.98%,29.64%,$109.98M,$124.68M,2.09x,4.52x,-70.44x,$59.8M,18.46%,8.99%,46.15%
NNDM,Nano Dimension Ltd,IL,190.12%,82.78%,$152.75M,$114.78M,398.55x,-1452.95x,-13.89x,$288K,-43.62%,-23.91%,-27.43%
